[{"model": "admin.logentry", "pk": 1, "fields": {"action_time": "2021-03-27T15:28:20.658Z", "user": 3, "content_type": 12, "object_id": "1", "object_repr": "127.0.0.1", "action_flag": 2, "change_message": "[{\"changed\": {\"fields\": [\"Domain name\"]}}]"}}, {"model": "admin.logentry", "pk": 2, "fields": {"action_time": "2021-03-27T15:29:53.120Z", "user": 3, "content_type": 17, "object_id": "1", "object_repr": "Google", "action_flag": 1, "change_message": "[{\"added\": {}}]"}}, {"model": "admin.logentry", "pk": 3, "fields": {"action_time": "2021-03-27T17:27:24.732Z", "user": 3, "content_type": 3, "object_id": "1", "object_repr": "common", "action_flag": 1, "change_message": "[{\"added\": {}}]"}}, {"model": "admin.logentry", "pk": 4, "fields": {"action_time": "2021-03-27T17:27:33.846Z", "user": 3, "content_type": 3, "object_id": "2", "object_repr": "authors", "action_flag": 1, "change_message": "[{\"added\": {}}]"}}, {"model": "admin.logentry", "pk": 5, "fields": {"action_time": "2021-03-27T17:35:42.814Z", "user": 3, "content_type": 4, "object_id": "1", "object_repr": "User1", "action_flag": 2, "change_message": "[{\"changed\": {\"fields\": [\"Email address\", \"Groups\"]}}]"}}, {"model": "admin.logentry", "pk": 6, "fields": {"action_time": "2021-03-27T17:35:56.561Z", "user": 3, "content_type": 4, "object_id": "2", "object_repr": "User2", "action_flag": 2, "change_message": "[{\"changed\": {\"fields\": [\"Email address\", \"Groups\"]}}]"}}, {"model": "admin.logentry", "pk": 7, "fields": {"action_time": "2021-03-27T19:12:13.435Z", "user": 3, "content_type": 4, "object_id": "4", "object_repr": "gor", "action_flag": 2, "change_message": "[{\"changed\": {\"fields\": [\"Groups\"]}}]"}}, {"model": "admin.logentry", "pk": 8, "fields": {"action_time": "2021-03-27T19:19:00.317Z", "user": 3, "content_type": 4, "object_id": "4", "object_repr": "Egor", "action_flag": 2, "change_message": "[{\"changed\": {\"fields\": [\"Username\", \"Groups\"]}}]"}}, {"model": "admin.logentry", "pk": 9, "fields": {"action_time": "2021-03-27T19:52:48.959Z", "user": 3, "content_type": 4, "object_id": "3", "object_repr": "admin", "action_flag": 2, "change_message": "[{\"changed\": {\"fields\": [\"Groups\"]}}]"}}, {"model": "admin.logentry", "pk": 10, "fields": {"action_time": "2021-03-28T11:50:55.329Z", "user": 3, "content_type": 4, "object_id": "4", "object_repr": "Egor", "action_flag": 2, "change_message": "[{\"changed\": {\"fields\": [\"Groups\"]}}]"}}, {"model": "admin.logentry", "pk": 11, "fields": {"action_time": "2021-03-28T12:41:22.767Z", "user": 3, "content_type": 3, "object_id": "2", "object_repr": "authors", "action_flag": 2, "change_message": "[{\"changed\": {\"fields\": [\"Permissions\"]}}]"}}, {"model": "admin.logentry", "pk": 12, "fields": {"action_time": "2021-03-28T13:58:03.421Z", "user": 3, "content_type": 4, "object_id": "4", "object_repr": "Egor", "action_flag": 2, "change_message": "[{\"changed\": {\"fields\": [\"Groups\"]}}]"}}, {"model": "admin.logentry", "pk": 13, "fields": {"action_time": "2021-03-28T14:03:58.300Z", "user": 3, "content_type": 4, "object_id": "4", "object_repr": "Egor", "action_flag": 2, "change_message": "[{\"changed\": {\"fields\": [\"Groups\"]}}]"}}, {"model": "admin.logentry", "pk": 14, "fields": {"action_time": "2021-03-28T14:06:13.349Z", "user": 3, "content_type": 4, "object_id": "4", "object_repr": "Egor", "action_flag": 2, "change_message": "[{\"changed\": {\"fields\": [\"Groups\"]}}]"}}, {"model": "admin.logentry", "pk": 15, "fields": {"action_time": "2021-03-28T14:09:46.819Z", "user": 3, "content_type": 4, "object_id": "4", "object_repr": "Egor", "action_flag": 2, "change_message": "[{\"changed\": {\"fields\": [\"Groups\"]}}]"}}, {"model": "admin.logentry", "pk": 16, "fields": {"action_time": "2021-03-28T14:20:46.905Z", "user": 3, "content_type": 4, "object_id": "4", "object_repr": "Egor", "action_flag": 2, "change_message": "[{\"changed\": {\"fields\": [\"Groups\"]}}]"}}, {"model": "admin.logentry", "pk": 17, "fields": {"action_time": "2021-03-28T14:25:24.487Z", "user": 3, "content_type": 4, "object_id": "4", "object_repr": "Egor", "action_flag": 2, "change_message": "[{\"changed\": {\"fields\": [\"Groups\"]}}]"}}, {"model": "admin.logentry", "pk": 18, "fields": {"action_time": "2021-03-28T14:26:06.270Z", "user": 3, "content_type": 4, "object_id": "4", "object_repr": "Egor", "action_flag": 2, "change_message": "[{\"changed\": {\"fields\": [\"Groups\"]}}]"}}, {"model": "admin.logentry", "pk": 19, "fields": {"action_time": "2021-03-28T14:37:10.882Z", "user": 3, "content_type": 4, "object_id": "4", "object_repr": "Egor", "action_flag": 2, "change_message": "[{\"changed\": {\"fields\": [\"Groups\"]}}]"}}, {"model": "admin.logentry", "pk": 20, "fields": {"action_time": "2021-03-28T14:46:39.098Z", "user": 3, "content_type": 4, "object_id": "4", "object_repr": "Egor", "action_flag": 2, "change_message": "[{\"changed\": {\"fields\": [\"Groups\"]}}]"}}, {"model": "admin.logentry", "pk": 21, "fields": {"action_time": "2021-03-28T14:57:02.429Z", "user": 3, "content_type": 4, "object_id": "4", "object_repr": "Egor", "action_flag": 2, "change_message": "[{\"changed\": {\"fields\": [\"Groups\"]}}]"}}, {"model": "admin.logentry", "pk": 22, "fields": {"action_time": "2021-03-28T15:07:35.466Z", "user": 3, "content_type": 4, "object_id": "4", "object_repr": "Egor", "action_flag": 2, "change_message": "[{\"changed\": {\"fields\": [\"Groups\"]}}]"}}, {"model": "admin.logentry", "pk": 23, "fields": {"action_time": "2021-03-28T15:10:43.800Z", "user": 3, "content_type": 4, "object_id": "4", "object_repr": "Egor", "action_flag": 2, "change_message": "[{\"changed\": {\"fields\": [\"Groups\"]}}]"}}, {"model": "admin.logentry", "pk": 24, "fields": {"action_time": "2021-03-28T15:12:41.823Z", "user": 3, "content_type": 4, "object_id": "4", "object_repr": "Egor", "action_flag": 2, "change_message": "[{\"changed\": {\"fields\": [\"Groups\"]}}]"}}, {"model": "admin.logentry", "pk": 25, "fields": {"action_time": "2021-03-28T15:41:48.617Z", "user": 3, "content_type": 4, "object_id": "4", "object_repr": "Egor", "action_flag": 2, "change_message": "[{\"changed\": {\"fields\": [\"Groups\"]}}]"}}, {"model": "admin.logentry", "pk": 26, "fields": {"action_time": "2021-03-28T15:54:39.891Z", "user": 3, "content_type": 4, "object_id": "4", "object_repr": "Egor", "action_flag": 2, "change_message": "[{\"changed\": {\"fields\": [\"Groups\"]}}]"}}, {"model": "admin.logentry", "pk": 27, "fields": {"action_time": "2021-03-28T16:27:36.457Z", "user": 3, "content_type": 4, "object_id": "4", "object_repr": "Egorrrrr", "action_flag": 2, "change_message": "[{\"changed\": {\"fields\": [\"Groups\"]}}]"}}, {"model": "admin.logentry", "pk": 28, "fields": {"action_time": "2021-03-28T17:45:23.723Z", "user": 3, "content_type": 4, "object_id": "4", "object_repr": "Egor", "action_flag": 2, "change_message": "[{\"changed\": {\"fields\": [\"Groups\"]}}]"}}, {"model": "admin.logentry", "pk": 29, "fields": {"action_time": "2021-03-28T17:45:29.456Z", "user": 3, "content_type": 4, "object_id": "4", "object_repr": "Egor", "action_flag": 2, "change_message": "[]"}}, {"model": "admin.logentry", "pk": 30, "fields": {"action_time": "2021-04-03T11:56:15.675Z", "user": 3, "content_type": 4, "object_id": "4", "object_repr": "Egorrr", "action_flag": 2, "change_message": "[{\"changed\": {\"fields\": [\"Groups\"]}}]"}}, {"model": "admin.logentry", "pk": 31, "fields": {"action_time": "2021-04-03T11:56:40.090Z", "user": 3, "content_type": 9, "object_id": "5", "object_repr": "Заголовок Новости 3: Текст новости 34", "action_flag": 2, "change_message": "[]"}}, {"model": "admin.logentry", "pk": 32, "fields": {"action_time": "2021-04-03T11:56:45.064Z", "user": 3, "content_type": 9, "object_id": "1", "object_repr": "Заголовок Слово1 Статьи 1: Текст статьи 1", "action_flag": 2, "change_message": "[]"}}, {"model": "admin.logentry", "pk": 33, "fields": {"action_time": "2021-04-07T19:52:46.108Z", "user": 3, "content_type": 4, "object_id": "4", "object_repr": "Egorrr", "action_flag": 3, "change_message": ""}}, {"model": "admin.logentry", "pk": 34, "fields": {"action_time": "2021-04-07T19:58:42.273Z", "user": 3, "content_type": 4, "object_id": "5", "object_repr": "Egor", "action_flag": 3, "change_message": ""}}, {"model": "admin.logentry", "pk": 35, "fields": {"action_time": "2021-04-07T20:13:16.311Z", "user": 3, "content_type": 4, "object_id": "6", "object_repr": "Egor", "action_flag": 3, "change_message": ""}}, {"model": "admin.logentry", "pk": 36, "fields": {"action_time": "2021-04-07T20:32:51.216Z", "user": 3, "content_type": 4, "object_id": "7", "object_repr": "Egor", "action_flag": 3, "change_message": ""}}, {"model": "admin.logentry", "pk": 37, "fields": {"action_time": "2021-04-09T19:21:59.246Z", "user": 3, "content_type": 9, "object_id": "25", "object_repr": "Заголовок Статьи 3: Текст статьи 3. Текс", "action_flag": 1, "change_message": "[{\"added\": {}}]"}}, {"model": "admin.logentry", "pk": 38, "fields": {"action_time": "2021-04-09T20:26:40.803Z", "user": 3, "content_type": 4, "object_id": "8", "object_repr": "Egorza", "action_flag": 2, "change_message": "[]"}}, {"model": "admin.logentry", "pk": 39, "fields": {"action_time": "2021-04-13T19:00:29.521Z", "user": 3, "content_type": 4, "object_id": "8", "object_repr": "Egorza", "action_flag": 2, "change_message": "[{\"changed\": {\"fields\": [\"Groups\"]}}]"}}, {"model": "admin.logentry", "pk": 40, "fields": {"action_time": "2021-04-13T19:11:56.821Z", "user": 3, "content_type": 4, "object_id": "8", "object_repr": "Egorza", "action_flag": 2, "change_message": "[{\"changed\": {\"fields\": [\"Groups\"]}}]"}}, {"model": "admin.logentry", "pk": 41, "fields": {"action_time": "2021-04-13T19:18:06.599Z", "user": 3, "content_type": 4, "object_id": "8", "object_repr": "Egorza", "action_flag": 2, "change_message": "[{\"changed\": {\"fields\": [\"Groups\"]}}]"}}, {"model": "auth.permission", "pk": 1, "fields": {"name": "Can add log entry", "content_type": 1, "codename": "add_logentry"}}, {"model": "auth.permission", "pk": 2, "fields": {"name": "Can change log entry", "content_type": 1, "codename": "change_logentry"}}, {"model": "auth.permission", "pk": 3, "fields": {"name": "Can delete log entry", "content_type": 1, "codename": "delete_logentry"}}, {"model": "auth.permission", "pk": 4, "fields": {"name": "Can view log entry", "content_type": 1, "codename": "view_logentry"}}, {"model": "auth.permission", "pk": 5, "fields": {"name": "Can add permission", "content_type": 2, "codename": "add_permission"}}, {"model": "auth.permission", "pk": 6, "fields": {"name": "Can change permission", "content_type": 2, "codename": "change_permission"}}, {"model": "auth.permission", "pk": 7, "fields": {"name": "Can delete permission", "content_type": 2, "codename": "delete_permission"}}, {"model": "auth.permission", "pk": 8, "fields": {"name": "Can view permission", "content_type": 2, "codename": "view_permission"}}, {"model": "auth.permission", "pk": 9, "fields": {"name": "Can add group", "content_type": 3, "codename": "add_group"}}, {"model": "auth.permission", "pk": 10, "fields": {"name": "Can change group", "content_type": 3, "codename": "change_group"}}, {"model": "auth.permission", "pk": 11, "fields": {"name": "Can delete group", "content_type": 3, "codename": "delete_group"}}, {"model": "auth.permission", "pk": 12, "fields": {"name": "Can view group", "content_type": 3, "codename": "view_group"}}, {"model": "auth.permission", "pk": 13, "fields": {"name": "Can add user", "content_type": 4, "codename": "add_user"}}, {"model": "auth.permission", "pk": 14, "fields": {"name": "Can change user", "content_type": 4, "codename": "change_user"}}, {"model": "auth.permission", "pk": 15, "fields": {"name": "Can delete user", "content_type": 4, "codename": "delete_user"}}, {"model": "auth.permission", "pk": 16, "fields": {"name": "Can view user", "content_type": 4, "codename": "view_user"}}, {"model": "auth.permission", "pk": 17, "fields": {"name": "Can add content type", "content_type": 5, "codename": "add_contenttype"}}, {"model": "auth.permission", "pk": 18, "fields": {"name": "Can change content type", "content_type": 5, "codename": "change_contenttype"}}, {"model": "auth.permission", "pk": 19, "fields": {"name": "Can delete content type", "content_type": 5, "codename": "delete_contenttype"}}, {"model": "auth.permission", "pk": 20, "fields": {"name": "Can view content type", "content_type": 5, "codename": "view_contenttype"}}, {"model": "auth.permission", "pk": 21, "fields": {"name": "Can add session", "content_type": 6, "codename": "add_session"}}, {"model": "auth.permission", "pk": 22, "fields": {"name": "Can change session", "content_type": 6, "codename": "change_session"}}, {"model": "auth.permission", "pk": 23, "fields": {"name": "Can delete session", "content_type": 6, "codename": "delete_session"}}, {"model": "auth.permission", "pk": 24, "fields": {"name": "Can view session", "content_type": 6, "codename": "view_session"}}, {"model": "auth.permission", "pk": 25, "fields": {"name": "Can add author", "content_type": 7, "codename": "add_author"}}, {"model": "auth.permission", "pk": 26, "fields": {"name": "Can change author", "content_type": 7, "codename": "change_author"}}, {"model": "auth.permission", "pk": 27, "fields": {"name": "Can delete author", "content_type": 7, "codename": "delete_author"}}, {"model": "auth.permission", "pk": 28, "fields": {"name": "Can view author", "content_type": 7, "codename": "view_author"}}, {"model": "auth.permission", "pk": 29, "fields": {"name": "Can add category", "content_type": 8, "codename": "add_category"}}, {"model": "auth.permission", "pk": 30, "fields": {"name": "Can change category", "content_type": 8, "codename": "change_category"}}, {"model": "auth.permission", "pk": 31, "fields": {"name": "Can delete category", "content_type": 8, "codename": "delete_category"}}, {"model": "auth.permission", "pk": 32, "fields": {"name": "Can view category", "content_type": 8, "codename": "view_category"}}, {"model": "auth.permission", "pk": 33, "fields": {"name": "Can add post", "content_type": 9, "codename": "add_post"}}, {"model": "auth.permission", "pk": 34, "fields": {"name": "Can change post", "content_type": 9, "codename": "change_post"}}, {"model": "auth.permission", "pk": 35, "fields": {"name": "Can delete post", "content_type": 9, "codename": "delete_post"}}, {"model": "auth.permission", "pk": 36, "fields": {"name": "Can view post", "content_type": 9, "codename": "view_post"}}, {"model": "auth.permission", "pk": 37, "fields": {"name": "Can add post category", "content_type": 10, "codename": "add_postcategory"}}, {"model": "auth.permission", "pk": 38, "fields": {"name": "Can change post category", "content_type": 10, "codename": "change_postcategory"}}, {"model": "auth.permission", "pk": 39, "fields": {"name": "Can delete post category", "content_type": 10, "codename": "delete_postcategory"}}, {"model": "auth.permission", "pk": 40, "fields": {"name": "Can view post category", "content_type": 10, "codename": "view_postcategory"}}, {"model": "auth.permission", "pk": 41, "fields": {"name": "Can add comment", "content_type": 11, "codename": "add_comment"}}, {"model": "auth.permission", "pk": 42, "fields": {"name": "Can change comment", "content_type": 11, "codename": "change_comment"}}, {"model": "auth.permission", "pk": 43, "fields": {"name": "Can delete comment", "content_type": 11, "codename": "delete_comment"}}, {"model": "auth.permission", "pk": 44, "fields": {"name": "Can view comment", "content_type": 11, "codename": "view_comment"}}, {"model": "auth.permission", "pk": 45, "fields": {"name": "Can add site", "content_type": 12, "codename": "add_site"}}, {"model": "auth.permission", "pk": 46, "fields": {"name": "Can change site", "content_type": 12, "codename": "change_site"}}, {"model": "auth.permission", "pk": 47, "fields": {"name": "Can delete site", "content_type": 12, "codename": "delete_site"}}, {"model": "auth.permission", "pk": 48, "fields": {"name": "Can view site", "content_type": 12, "codename": "view_site"}}, {"model": "auth.permission", "pk": 49, "fields": {"name": "Can add flat page", "content_type": 13, "codename": "add_flatpage"}}, {"model": "auth.permission", "pk": 50, "fields": {"name": "Can change flat page", "content_type": 13, "codename": "change_flatpage"}}, {"model": "auth.permission", "pk": 51, "fields": {"name": "Can delete flat page", "content_type": 13, "codename": "delete_flatpage"}}, {"model": "auth.permission", "pk": 52, "fields": {"name": "Can view flat page", "content_type": 13, "codename": "view_flatpage"}}, {"model": "auth.permission", "pk": 53, "fields": {"name": "Can add email address", "content_type": 14, "codename": "add_emailaddress"}}, {"model": "auth.permission", "pk": 54, "fields": {"name": "Can change email address", "content_type": 14, "codename": "change_emailaddress"}}, {"model": "auth.permission", "pk": 55, "fields": {"name": "Can delete email address", "content_type": 14, "codename": "delete_emailaddress"}}, {"model": "auth.permission", "pk": 56, "fields": {"name": "Can view email address", "content_type": 14, "codename": "view_emailaddress"}}, {"model": "auth.permission", "pk": 57, "fields": {"name": "Can add email confirmation", "content_type": 15, "codename": "add_emailconfirmation"}}, {"model": "auth.permission", "pk": 58, "fields": {"name": "Can change email confirmation", "content_type": 15, "codename": "change_emailconfirmation"}}, {"model": "auth.permission", "pk": 59, "fields": {"name": "Can delete email confirmation", "content_type": 15, "codename": "delete_emailconfirmation"}}, {"model": "auth.permission", "pk": 60, "fields": {"name": "Can view email confirmation", "content_type": 15, "codename": "view_emailconfirmation"}}, {"model": "auth.permission", "pk": 61, "fields": {"name": "Can add social account", "content_type": 16, "codename": "add_socialaccount"}}, {"model": "auth.permission", "pk": 62, "fields": {"name": "Can change social account", "content_type": 16, "codename": "change_socialaccount"}}, {"model": "auth.permission", "pk": 63, "fields": {"name": "Can delete social account", "content_type": 16, "codename": "delete_socialaccount"}}, {"model": "auth.permission", "pk": 64, "fields": {"name": "Can view social account", "content_type": 16, "codename": "view_socialaccount"}}, {"model": "auth.permission", "pk": 65, "fields": {"name": "Can add social application", "content_type": 17, "codename": "add_socialapp"}}, {"model": "auth.permission", "pk": 66, "fields": {"name": "Can change social application", "content_type": 17, "codename": "change_socialapp"}}, {"model": "auth.permission", "pk": 67, "fields": {"name": "Can delete social application", "content_type": 17, "codename": "delete_socialapp"}}, {"model": "auth.permission", "pk": 68, "fields": {"name": "Can view social application", "content_type": 17, "codename": "view_socialapp"}}, {"model": "auth.permission", "pk": 69, "fields": {"name": "Can add social application token", "content_type": 18, "codename": "add_socialtoken"}}, {"model": "auth.permission", "pk": 70, "fields": {"name": "Can change social application token", "content_type": 18, "codename": "change_socialtoken"}}, {"model": "auth.permission", "pk": 71, "fields": {"name": "Can delete social application token", "content_type": 18, "codename": "delete_socialtoken"}}, {"model": "auth.permission", "pk": 72, "fields": {"name": "Can view social application token", "content_type": 18, "codename": "view_socialtoken"}}, {"model": "auth.permission", "pk": 73, "fields": {"name": "Can add django job", "content_type": 19, "codename": "add_djangojob"}}, {"model": "auth.permission", "pk": 74, "fields": {"name": "Can change django job", "content_type": 19, "codename": "change_djangojob"}}, {"model": "auth.permission", "pk": 75, "fields": {"name": "Can delete django job", "content_type": 19, "codename": "delete_djangojob"}}, {"model": "auth.permission", "pk": 76, "fields": {"name": "Can view django job", "content_type": 19, "codename": "view_djangojob"}}, {"model": "auth.permission", "pk": 77, "fields": {"name": "Can add django job execution", "content_type": 20, "codename": "add_djangojobexecution"}}, {"model": "auth.permission", "pk": 78, "fields": {"name": "Can change django job execution", "content_type": 20, "codename": "change_djangojobexecution"}}, {"model": "auth.permission", "pk": 79, "fields": {"name": "Can delete django job execution", "content_type": 20, "codename": "delete_djangojobexecution"}}, {"model": "auth.permission", "pk": 80, "fields": {"name": "Can view django job execution", "content_type": 20, "codename": "view_djangojobexecution"}}, {"model": "auth.permission", "pk": 81, "fields": {"name": "Can add staff", "content_type": 21, "codename": "add_staff"}}, {"model": "auth.permission", "pk": 82, "fields": {"name": "Can change staff", "content_type": 21, "codename": "change_staff"}}, {"model": "auth.permission", "pk": 83, "fields": {"name": "Can delete staff", "content_type": 21, "codename": "delete_staff"}}, {"model": "auth.permission", "pk": 84, "fields": {"name": "Can view staff", "content_type": 21, "codename": "view_staff"}}, {"model": "auth.group", "pk": 1, "fields": {"name": "common", "permissions": []}}, {"model": "auth.group", "pk": 2, "fields": {"name": "authors", "permissions": [33, 34, 35]}}, {"model": "auth.user", "pk": 1, "fields": {"password": "pbkdf2_sha256$216000$EIUWSquhRTqB$r4JdPBtcP8svprjyqbs3iMD1asVO83n8IKhEKYSUi+Q=", "last_login": "2021-04-24T14:30:40.599Z", "is_superuser": false, "username": "User1", "first_name": "", "last_name": "", "email": "epanisimov@yandex.ru", "is_staff": false, "is_active": true, "date_joined": "2021-03-09T21:15:12Z", "groups": [1, 2], "user_permissions": []}}, {"model": "auth.user", "pk": 2, "fields": {"password": "pbkdf2_sha256$216000$nNMaaL1xkSyh$QalnqOQ9bla5Um8qkiuFcS62H4kbDXK1AvvTIfpDkTE=", "last_login": "2021-04-03T18:26:33.925Z", "is_superuser": false, "username": "User2", "first_name": "", "last_name": "", "email": "user2@user2.com", "is_staff": false, "is_active": true, "date_joined": "2021-03-09T21:15:12Z", "groups": [1, 2], "user_permissions": []}}, {"model": "auth.user", "pk": 3, "fields": {"password": "pbkdf2_sha256$216000$FxdMwE02TNH2$I2KdeBfftlFm8wheWeBX2virU2q0kE6nocZruP1YkTo=", "last_login": "2021-04-22T16:28:24.035Z", "is_superuser": true, "username": "admin", "first_name": "", "last_name": "", "email": "", "is_staff": true, "is_active": true, "date_joined": "2021-03-27T15:27:27Z", "groups": [1, 2], "user_permissions": []}}, {"model": "auth.user", "pk": 8, "fields": {"password": "pbkdf2_sha256$216000$jBuOhvfeN4MJ$ObM/YzkA/vdJzDipiyEFdDiuSy4jJ83qxm4JLMXrhro=", "last_login": "2021-04-13T19:18:21.985Z", "is_superuser": false, "username": "Egorza", "first_name": "", "last_name": "", "email": "egoranisimov@gmail.com", "is_staff": false, "is_active": true, "date_joined": "2021-04-07T20:33:48Z", "groups": [1, 2], "user_permissions": []}}, {"model": "contenttypes.contenttype", "pk": 1, "fields": {"app_label": "admin", "model": "logentry"}}, {"model": "contenttypes.contenttype", "pk": 2, "fields": {"app_label": "auth", "model": "permission"}}, {"model": "contenttypes.contenttype", "pk": 3, "fields": {"app_label": "auth", "model": "group"}}, {"model": "contenttypes.contenttype", "pk": 4, "fields": {"app_label": "auth", "model": "user"}}, {"model": "contenttypes.contenttype", "pk": 5, "fields": {"app_label": "contenttypes", "model": "contenttype"}}, {"model": "contenttypes.contenttype", "pk": 6, "fields": {"app_label": "sessions", "model": "session"}}, {"model": "contenttypes.contenttype", "pk": 7, "fields": {"app_label": "NewsPaperApp", "model": "author"}}, {"model": "contenttypes.contenttype", "pk": 8, "fields": {"app_label": "NewsPaperApp", "model": "category"}}, {"model": "contenttypes.contenttype", "pk": 9, "fields": {"app_label": "NewsPaperApp", "model": "post"}}, {"model": "contenttypes.contenttype", "pk": 10, "fields": {"app_label": "NewsPaperApp", "model": "postcategory"}}, {"model": "contenttypes.contenttype", "pk": 11, "fields": {"app_label": "NewsPaperApp", "model": "comment"}}, {"model": "contenttypes.contenttype", "pk": 12, "fields": {"app_label": "sites", "model": "site"}}, {"model": "contenttypes.contenttype", "pk": 13, "fields": {"app_label": "flatpages", "model": "flatpage"}}, {"model": "contenttypes.contenttype", "pk": 14, "fields": {"app_label": "account", "model": "emailaddress"}}, {"model": "contenttypes.contenttype", "pk": 15, "fields": {"app_label": "account", "model": "emailconfirmation"}}, {"model": "contenttypes.contenttype", "pk": 16, "fields": {"app_label": "socialaccount", "model": "socialaccount"}}, {"model": "contenttypes.contenttype", "pk": 17, "fields": {"app_label": "socialaccount", "model": "socialapp"}}, {"model": "contenttypes.contenttype", "pk": 18, "fields": {"app_label": "socialaccount", "model": "socialtoken"}}, {"model": "contenttypes.contenttype", "pk": 19, "fields": {"app_label": "django_apscheduler", "model": "djangojob"}}, {"model": "contenttypes.contenttype", "pk": 20, "fields": {"app_label": "django_apscheduler", "model": "djangojobexecution"}}, {"model": "contenttypes.contenttype", "pk": 21, "fields": {"app_label": "NewsPaperApp", "model": "staff"}}, {"model": "sessions.session", "pk": "09szusetld9c871hqxnq8bp087hsrvir", "fields": {"session_data": ".eJxVjMsOwiAQRf-FtSHDq9Au3fsNBJipRQ2Y0iYa479rky50e8-558V8WJfJr41mn5ENTLDD7xZDulLZAF5COVeealnmHPmm8J02fqpIt-Pu_gWm0KbvezSys1GgAA3WhL5DGZOSlGJHRtpxDAioAzpnCW0vtVJCSQCI6Aw5u0UbtZZr8fS45_nJBnh_AII_PtY:1lZcC8:MU_1CQiBWRjOjaLxQo15x6PDSieK9hbvQF_HE6bT1gw", "expire_date": "2021-05-06T16:28:48.553Z"}}, {"model": "sessions.session", "pk": "d0bgud6s5w0j0thshtjra95f5ihrk05k", "fields": {"session_data": ".eJxVjMsOwiAQRf-FtSHDq9Au3fsNBJipRQ2Y0iYa479rky50e8-558V8WJfJr41mn5ENTLDD7xZDulLZAF5COVeealnmHPmm8J02fqpIt-Pu_gWm0KbvezSys1GgAA3WhL5DGZOSlGJHRtpxDAioAzpnCW0vtVJCSQCI6Aw5u0UbtZZr8fS45_nJBnh_AII_PtY:1laJIu:ut_cIC6sliQpFltm2s04IT6a3YIH9oIMswrOlWFwhAo", "expire_date": "2021-05-08T14:30:40.627Z"}}, {"model": "sites.site", "pk": 1, "fields": {"domain": "127.0.0.1", "name": "example.com"}}, {"model": "django_apscheduler.djangojob", "pk": "delete_old_job_executions", "fields": {"next_run_time": "2021-04-25T21:00:00Z", "job_state": "gAWVTAQAAAAAAAB9lCiMB3ZlcnNpb26USwGMAmlklIwZZGVsZXRlX29sZF9qb2JfZXhlY3V0aW9uc5SMBGZ1bmOUjElOZXdzUGFwZXJBcHAubWFuYWdlbWVudC5jb21tYW5kcy5ydW5hcHNjaGVkdWxlcjpkZWxldGVfb2xkX2pvYl9leGVjdXRpb25zlIwHdHJpZ2dlcpSMGWFwc2NoZWR1bGVyLnRyaWdnZXJzLmNyb26UjAtDcm9uVHJpZ2dlcpSTlCmBlH2UKGgBSwKMCHRpbWV6b25llIwEcHl0epSMAl9wlJOUKIwNRXVyb3BlL01vc2Nvd5RNKCNLAIwDTE1UlHSUUpSMCnN0YXJ0X2RhdGWUTowIZW5kX2RhdGWUTowGZmllbGRzlF2UKIwgYXBzY2hlZHVsZXIudHJpZ2dlcnMuY3Jvbi5maWVsZHOUjAlCYXNlRmllbGSUk5QpgZR9lCiMBG5hbWWUjAR5ZWFylIwKaXNfZGVmYXVsdJSIjAtleHByZXNzaW9uc5RdlIwlYXBzY2hlZHVsZXIudHJpZ2dlcnMuY3Jvbi5leHByZXNzaW9uc5SMDUFsbEV4cHJlc3Npb26Uk5QpgZR9lIwEc3RlcJROc2JhdWJoGIwKTW9udGhGaWVsZJSTlCmBlH2UKGgdjAVtb250aJRoH4hoIF2UaCQpgZR9lGgnTnNiYXViaBiMD0RheU9mTW9udGhGaWVsZJSTlCmBlH2UKGgdjANkYXmUaB+IaCBdlGgkKYGUfZRoJ05zYmF1YmgYjAlXZWVrRmllbGSUk5QpgZR9lChoHYwEd2Vla5RoH4hoIF2UaCQpgZR9lGgnTnNiYXViaBiMDkRheU9mV2Vla0ZpZWxklJOUKYGUfZQoaB2MC2RheV9vZl93ZWVrlGgfiWggXZRoIowWV2Vla2RheVJhbmdlRXhwcmVzc2lvbpSTlCmBlH2UKGgnTowFZmlyc3SUSwCMBGxhc3SUSwB1YmF1YmgaKYGUfZQoaB2MBGhvdXKUaB+JaCBdlGgijA9SYW5nZUV4cHJlc3Npb26Uk5QpgZR9lChoJ05oSksAaEtLAHViYXViaBopgZR9lChoHYwGbWludXRllGgfiWggXZRoUSmBlH2UKGgnTmhKSwBoS0sAdWJhdWJoGimBlH2UKGgdjAZzZWNvbmSUaB+IaCBdlGhRKYGUfZQoaCdOaEpLAGhLSwB1YmF1YmWMBmppdHRlcpROdWKMCGV4ZWN1dG9ylIwHZGVmYXVsdJSMBGFyZ3OUKYwGa3dhcmdzlH2UaB1oA4wSbWlzZmlyZV9ncmFjZV90aW1llEsBjAhjb2FsZXNjZZSIjA1tYXhfaW5zdGFuY2VzlEsBjA1uZXh0X3J1bl90aW1llIwIZGF0ZXRpbWWUjAhkYXRldGltZZSTlEMKB+UEGgAAAAAAAJRoDyhoEE0wKksAjANNU0uUdJRSlIaUUpR1Lg=="}}, {"model": "django_apscheduler.djangojob", "pk": "my_job", "fields": {"next_run_time": "2021-04-20T12:42:50Z", "job_state": "gAWVyQMAAAAAAAB9lCiMB3ZlcnNpb26USwGMAmlklIwGbXlfam9ilIwEZnVuY5SMNk5ld3NQYXBlckFwcC5tYW5hZ2VtZW50LmNvbW1hbmRzLnJ1bmFwc2NoZWR1bGVyOm15X2pvYpSMB3RyaWdnZXKUjBlhcHNjaGVkdWxlci50cmlnZ2Vycy5jcm9ulIwLQ3JvblRyaWdnZXKUk5QpgZR9lChoAUsCjAh0aW1lem9uZZSMBHB5dHqUjAJfcJSTlCiMDUV1cm9wZS9Nb3Njb3eUTSgjSwCMA0xNVJR0lFKUjApzdGFydF9kYXRllE6MCGVuZF9kYXRllE6MBmZpZWxkc5RdlCiMIGFwc2NoZWR1bGVyLnRyaWdnZXJzLmNyb24uZmllbGRzlIwJQmFzZUZpZWxklJOUKYGUfZQojARuYW1llIwEeWVhcpSMCmlzX2RlZmF1bHSUiIwLZXhwcmVzc2lvbnOUXZSMJWFwc2NoZWR1bGVyLnRyaWdnZXJzLmNyb24uZXhwcmVzc2lvbnOUjA1BbGxFeHByZXNzaW9ulJOUKYGUfZSMBHN0ZXCUTnNiYXViaBiMCk1vbnRoRmllbGSUk5QpgZR9lChoHYwFbW9udGiUaB+IaCBdlGgkKYGUfZRoJ05zYmF1YmgYjA9EYXlPZk1vbnRoRmllbGSUk5QpgZR9lChoHYwDZGF5lGgfiGggXZRoJCmBlH2UaCdOc2JhdWJoGIwJV2Vla0ZpZWxklJOUKYGUfZQoaB2MBHdlZWuUaB+IaCBdlGgkKYGUfZRoJ05zYmF1YmgYjA5EYXlPZldlZWtGaWVsZJSTlCmBlH2UKGgdjAtkYXlfb2Zfd2Vla5RoH4hoIF2UaCQpgZR9lGgnTnNiYXViaBopgZR9lChoHYwEaG91cpRoH4hoIF2UaCQpgZR9lGgnTnNiYXViaBopgZR9lChoHYwGbWludXRllGgfiGggXZRoJCmBlH2UaCdOc2JhdWJoGimBlH2UKGgdjAZzZWNvbmSUaB+JaCBdlGgkKYGUfZRoJ0sKc2JhdWJljAZqaXR0ZXKUTnVijAhleGVjdXRvcpSMB2RlZmF1bHSUjARhcmdzlCmMBmt3YXJnc5R9lGgdaAOMEm1pc2ZpcmVfZ3JhY2VfdGltZZRLAYwIY29hbGVzY2WUiIwNbWF4X2luc3RhbmNlc5RLAYwNbmV4dF9ydW5fdGltZZSMCGRhdGV0aW1llIwIZGF0ZXRpbWWUk5RDCgflBBQPKjIAAACUaA8oaBBNMCpLAIwDTVNLlHSUUpSGlFKUdS4="}}, {"model": "django_apscheduler.djangojobexecution", "pk": 1, "fields": {"job": "my_job", "status": "Executed", "run_time": "2021-04-15T20:31:10Z", "duration": "0.01", "finished": "1618518670.01", "exception": null, "traceback": null}}, {"model": "django_apscheduler.djangojobexecution", "pk": 2, "fields": {"job": "my_job", "status": "Executed", "run_time": "2021-04-15T20:31:20Z", "duration": "0.04", "finished": "1618518680.04", "exception": null, "traceback": null}}, {"model": "django_apscheduler.djangojobexecution", "pk": 3, "fields": {"job": "my_job", "status": "Executed", "run_time": "2021-04-15T20:31:30Z", "duration": "0.07", "finished": "1618518690.07", "exception": null, "traceback": null}}, {"model": "django_apscheduler.djangojobexecution", "pk": 4, "fields": {"job": "my_job", "status": "Error!", "run_time": "2021-04-15T20:50:30Z", "duration": "0.05", "finished": "1618519830.05", "exception": "Cannot resolve keyword 'subscribers' into field. Choices are: author, author_id, comment, id, post_category, post_content, post_datetime, post_rating, post_title, post_type, postcategory", "traceback": "  File \"C:\\Users\\Egor\\PycharmProjects\\D2\\20210307_NewsPaper\\venv\\lib\\site-packages\\apscheduler\\executors\\base.py\", line 125, in run_job\n    retval = job.func(*job.args, **job.kwargs)\n  File \"C:\\Users\\Egor\\PycharmProjects\\D2\\20210307_NewsPaper\\NewsPaper\\NewsPaperApp\\management\\commands\\runapscheduler.py\", line 20, in my_job\n    print(Post.objects.all().values_list('subscribers', flat=True))\n  File \"C:\\Users\\Egor\\PycharmProjects\\D2\\20210307_NewsPaper\\venv\\lib\\site-packages\\django\\db\\models\\query.py\", line 868, in values_list\n    clone = self._values(*_fields, **expressions)\n  File \"C:\\Users\\Egor\\PycharmProjects\\D2\\20210307_NewsPaper\\venv\\lib\\site-packages\\django\\db\\models\\query.py\", line 836, in _values\n    clone.query.set_values(fields)\n  File \"C:\\Users\\Egor\\PycharmProjects\\D2\\20210307_NewsPaper\\venv\\lib\\site-packages\\django\\db\\models\\sql\\query.py\", line 2174, in set_values\n    self.add_fields(field_names, True)\n  File \"C:\\Users\\Egor\\PycharmProjects\\D2\\20210307_NewsPaper\\venv\\lib\\site-packages\\django\\db\\models\\sql\\query.py\", line 1885, in add_fields\n    raise FieldError(\"Cannot resolve keyword %r into field. \"\n"}}, {"model": "django_apscheduler.djangojobexecution", "pk": 5, "fields": {"job": "my_job", "status": "Error!", "run_time": "2021-04-15T20:50:40Z", "duration": "0.05", "finished": "1618519840.05", "exception": "Cannot resolve keyword 'subscribers' into field. Choices are: author, author_id, comment, id, post_category, post_content, post_datetime, post_rating, post_title, post_type, postcategory", "traceback": "  File \"C:\\Users\\Egor\\PycharmProjects\\D2\\20210307_NewsPaper\\venv\\lib\\site-packages\\apscheduler\\executors\\base.py\", line 125, in run_job\n    retval = job.func(*job.args, **job.kwargs)\n  File \"C:\\Users\\Egor\\PycharmProjects\\D2\\20210307_NewsPaper\\NewsPaper\\NewsPaperApp\\management\\commands\\runapscheduler.py\", line 20, in my_job\n    print(Post.objects.all().values_list('subscribers', flat=True))\n  File \"C:\\Users\\Egor\\PycharmProjects\\D2\\20210307_NewsPaper\\venv\\lib\\site-packages\\django\\db\\models\\query.py\", line 868, in values_list\n    clone = self._values(*_fields, **expressions)\n  File \"C:\\Users\\Egor\\PycharmProjects\\D2\\20210307_NewsPaper\\venv\\lib\\site-packages\\django\\db\\models\\query.py\", line 836, in _values\n    clone.query.set_values(fields)\n  File \"C:\\Users\\Egor\\PycharmProjects\\D2\\20210307_NewsPaper\\venv\\lib\\site-packages\\django\\db\\models\\sql\\query.py\", line 2174, in set_values\n    self.add_fields(field_names, True)\n  File \"C:\\Users\\Egor\\PycharmProjects\\D2\\20210307_NewsPaper\\venv\\lib\\site-packages\\django\\db\\models\\sql\\query.py\", line 1885, in add_fields\n    raise FieldError(\"Cannot resolve keyword %r into field. \"\n"}}, {"model": "django_apscheduler.djangojobexecution", "pk": 6, "fields": {"job": "my_job", "status": "Error!", "run_time": "2021-04-15T20:50:50Z", "duration": "0.06", "finished": "1618519850.06", "exception": "Cannot resolve keyword 'subscribers' into field. Choices are: author, author_id, comment, id, post_category, post_content, post_datetime, post_rating, post_title, post_type, postcategory", "traceback": "  File \"C:\\Users\\Egor\\PycharmProjects\\D2\\20210307_NewsPaper\\venv\\lib\\site-packages\\apscheduler\\executors\\base.py\", line 125, in run_job\n    retval = job.func(*job.args, **job.kwargs)\n  File \"C:\\Users\\Egor\\PycharmProjects\\D2\\20210307_NewsPaper\\NewsPaper\\NewsPaperApp\\management\\commands\\runapscheduler.py\", line 20, in my_job\n    print(Post.objects.all().values_list('post_category', flat=True))\n  File \"C:\\Users\\Egor\\PycharmProjects\\D2\\20210307_NewsPaper\\venv\\lib\\site-packages\\django\\db\\models\\query.py\", line 868, in values_list\n    clone = self._values(*_fields, **expressions)\n  File \"C:\\Users\\Egor\\PycharmProjects\\D2\\20210307_NewsPaper\\venv\\lib\\site-packages\\django\\db\\models\\query.py\", line 836, in _values\n    clone.query.set_values(fields)\n  File \"C:\\Users\\Egor\\PycharmProjects\\D2\\20210307_NewsPaper\\venv\\lib\\site-packages\\django\\db\\models\\sql\\query.py\", line 2174, in set_values\n    self.add_fields(field_names, True)\n  File \"C:\\Users\\Egor\\PycharmProjects\\D2\\20210307_NewsPaper\\venv\\lib\\site-packages\\django\\db\\models\\sql\\query.py\", line 1885, in add_fields\n    raise FieldError(\"Cannot resolve keyword %r into field. \"\n"}}, {"model": "django_apscheduler.djangojobexecution", "pk": 7, "fields": {"job": "my_job", "status": "Error!", "run_time": "2021-04-15T20:51:00Z", "duration": "0.06", "finished": "1618519860.06", "exception": "Cannot resolve keyword 'subscribers' into field. Choices are: author, author_id, comment, id, post_category, post_content, post_datetime, post_rating, post_title, post_type, postcategory", "traceback": "  File \"C:\\Users\\Egor\\PycharmProjects\\D2\\20210307_NewsPaper\\venv\\lib\\site-packages\\apscheduler\\executors\\base.py\", line 125, in run_job\n    retval = job.func(*job.args, **job.kwargs)\n  File \"C:\\Users\\Egor\\PycharmProjects\\D2\\20210307_NewsPaper\\NewsPaper\\NewsPaperApp\\management\\commands\\runapscheduler.py\", line 20, in my_job\n    print(Post.objects.all().values_list('post_category', flat=True))\n  File \"C:\\Users\\Egor\\PycharmProjects\\D2\\20210307_NewsPaper\\venv\\lib\\site-packages\\django\\db\\models\\query.py\", line 868, in values_list\n    clone = self._values(*_fields, **expressions)\n  File \"C:\\Users\\Egor\\PycharmProjects\\D2\\20210307_NewsPaper\\venv\\lib\\site-packages\\django\\db\\models\\query.py\", line 836, in _values\n    clone.query.set_values(fields)\n  File \"C:\\Users\\Egor\\PycharmProjects\\D2\\20210307_NewsPaper\\venv\\lib\\site-packages\\django\\db\\models\\sql\\query.py\", line 2174, in set_values\n    self.add_fields(field_names, True)\n  File \"C:\\Users\\Egor\\PycharmProjects\\D2\\20210307_NewsPaper\\venv\\lib\\site-packages\\django\\db\\models\\sql\\query.py\", line 1885, in add_fields\n    raise FieldError(\"Cannot resolve keyword %r into field. \"\n"}}, {"model": "django_apscheduler.djangojobexecution", "pk": 8, "fields": {"job": "my_job", "status": "Error!", "run_time": "2021-04-15T20:51:10Z", "duration": "0.05", "finished": "1618519870.05", "exception": "Cannot resolve keyword 'subscribers' into field. Choices are: author, author_id, comment, id, post_category, post_content, post_datetime, post_rating, post_title, post_type, postcategory", "traceback": "  File \"C:\\Users\\Egor\\PycharmProjects\\D2\\20210307_NewsPaper\\venv\\lib\\site-packages\\apscheduler\\executors\\base.py\", line 125, in run_job\n    retval = job.func(*job.args, **job.kwargs)\n  File \"C:\\Users\\Egor\\PycharmProjects\\D2\\20210307_NewsPaper\\NewsPaper\\NewsPaperApp\\management\\commands\\runapscheduler.py\", line 20, in my_job\n    print(Post.objects.all().values_list('post_category', flat=True))\n  File \"C:\\Users\\Egor\\PycharmProjects\\D2\\20210307_NewsPaper\\venv\\lib\\site-packages\\django\\db\\models\\query.py\", line 868, in values_list\n    clone = self._values(*_fields, **expressions)\n  File \"C:\\Users\\Egor\\PycharmProjects\\D2\\20210307_NewsPaper\\venv\\lib\\site-packages\\django\\db\\models\\query.py\", line 836, in _values\n    clone.query.set_values(fields)\n  File \"C:\\Users\\Egor\\PycharmProjects\\D2\\20210307_NewsPaper\\venv\\lib\\site-packages\\django\\db\\models\\sql\\query.py\", line 2174, in set_values\n    self.add_fields(field_names, True)\n  File \"C:\\Users\\Egor\\PycharmProjects\\D2\\20210307_NewsPaper\\venv\\lib\\site-packages\\django\\db\\models\\sql\\query.py\", line 1885, in add_fields\n    raise FieldError(\"Cannot resolve keyword %r into field. \"\n"}}, {"model": "django_apscheduler.djangojobexecution", "pk": 9, "fields": {"job": "my_job", "status": "Error!", "run_time": "2021-04-15T20:51:20Z", "duration": "0.06", "finished": "1618519880.06", "exception": "Cannot resolve keyword 'subscribers' into field. Choices are: author, author_id, comment, id, post_category, post_content, post_datetime, post_rating, post_title, post_type, postcategory", "traceback": "  File \"C:\\Users\\Egor\\PycharmProjects\\D2\\20210307_NewsPaper\\venv\\lib\\site-packages\\apscheduler\\executors\\base.py\", line 125, in run_job\n    retval = job.func(*job.args, **job.kwargs)\n  File \"C:\\Users\\Egor\\PycharmProjects\\D2\\20210307_NewsPaper\\NewsPaper\\NewsPaperApp\\management\\commands\\runapscheduler.py\", line 20, in my_job\n    print(Post.objects.all().values_list('post_category', flat=True))\n  File \"C:\\Users\\Egor\\PycharmProjects\\D2\\20210307_NewsPaper\\venv\\lib\\site-packages\\django\\db\\models\\query.py\", line 868, in values_list\n    clone = self._values(*_fields, **expressions)\n  File \"C:\\Users\\Egor\\PycharmProjects\\D2\\20210307_NewsPaper\\venv\\lib\\site-packages\\django\\db\\models\\query.py\", line 836, in _values\n    clone.query.set_values(fields)\n  File \"C:\\Users\\Egor\\PycharmProjects\\D2\\20210307_NewsPaper\\venv\\lib\\site-packages\\django\\db\\models\\sql\\query.py\", line 2174, in set_values\n    self.add_fields(field_names, True)\n  File \"C:\\Users\\Egor\\PycharmProjects\\D2\\20210307_NewsPaper\\venv\\lib\\site-packages\\django\\db\\models\\sql\\query.py\", line 1885, in add_fields\n    raise FieldError(\"Cannot resolve keyword %r into field. \"\n"}}, {"model": "django_apscheduler.djangojobexecution", "pk": 10, "fields": {"job": "my_job", "status": "Error!", "run_time": "2021-04-15T20:51:30Z", "duration": "0.08", "finished": "1618519890.08", "exception": "Cannot resolve keyword 'subscribers' into field. Choices are: author, author_id, comment, id, post_category, post_content, post_datetime, post_rating, post_title, post_type, postcategory", "traceback": "  File \"C:\\Users\\Egor\\PycharmProjects\\D2\\20210307_NewsPaper\\venv\\lib\\site-packages\\apscheduler\\executors\\base.py\", line 125, in run_job\n    retval = job.func(*job.args, **job.kwargs)\n  File \"C:\\Users\\Egor\\PycharmProjects\\D2\\20210307_NewsPaper\\NewsPaper\\NewsPaperApp\\management\\commands\\runapscheduler.py\", line 20, in my_job\n    print(Post.objects.all().values_list('post_category', flat=True))\n  File \"C:\\Users\\Egor\\PycharmProjects\\D2\\20210307_NewsPaper\\venv\\lib\\site-packages\\django\\db\\models\\query.py\", line 868, in values_list\n    clone = self._values(*_fields, **expressions)\n  File \"C:\\Users\\Egor\\PycharmProjects\\D2\\20210307_NewsPaper\\venv\\lib\\site-packages\\django\\db\\models\\query.py\", line 836, in _values\n    clone.query.set_values(fields)\n  File \"C:\\Users\\Egor\\PycharmProjects\\D2\\20210307_NewsPaper\\venv\\lib\\site-packages\\django\\db\\models\\sql\\query.py\", line 2174, in set_values\n    self.add_fields(field_names, True)\n  File \"C:\\Users\\Egor\\PycharmProjects\\D2\\20210307_NewsPaper\\venv\\lib\\site-packages\\django\\db\\models\\sql\\query.py\", line 1885, in add_fields\n    raise FieldError(\"Cannot resolve keyword %r into field. \"\n"}}, {"model": "django_apscheduler.djangojobexecution", "pk": 11, "fields": {"job": "my_job", "status": "Executed", "run_time": "2021-04-15T20:51:50Z", "duration": "0.03", "finished": "1618519910.03", "exception": null, "traceback": null}}, {"model": "django_apscheduler.djangojobexecution", "pk": 12, "fields": {"job": "my_job", "status": "Executed", "run_time": "2021-04-15T20:52:00Z", "duration": "0.03", "finished": "1618519920.03", "exception": null, "traceback": null}}, {"model": "django_apscheduler.djangojobexecution", "pk": 13, "fields": {"job": "my_job", "status": "Error!", "run_time": "2021-04-15T20:53:00Z", "duration": "0.02", "finished": "1618519980.02", "exception": "Cannot resolve keyword 'post_category_category_name' into field. Choices are: author, author_id, comment, id, post_category, post_content, post_datetime, post_rating, post_title, post_type, postcategory", "traceback": "  File \"C:\\Users\\Egor\\PycharmProjects\\D2\\20210307_NewsPaper\\venv\\lib\\site-packages\\apscheduler\\executors\\base.py\", line 125, in run_job\n    retval = job.func(*job.args, **job.kwargs)\n  File \"C:\\Users\\Egor\\PycharmProjects\\D2\\20210307_NewsPaper\\NewsPaper\\NewsPaperApp\\management\\commands\\runapscheduler.py\", line 20, in my_job\n    print(Post.objects.all().values_list('post_category_category_name', flat=True))\n  File \"C:\\Users\\Egor\\PycharmProjects\\D2\\20210307_NewsPaper\\venv\\lib\\site-packages\\django\\db\\models\\query.py\", line 868, in values_list\n    clone = self._values(*_fields, **expressions)\n  File \"C:\\Users\\Egor\\PycharmProjects\\D2\\20210307_NewsPaper\\venv\\lib\\site-packages\\django\\db\\models\\query.py\", line 836, in _values\n    clone.query.set_values(fields)\n  File \"C:\\Users\\Egor\\PycharmProjects\\D2\\20210307_NewsPaper\\venv\\lib\\site-packages\\django\\db\\models\\sql\\query.py\", line 2174, in set_values\n    self.add_fields(field_names, True)\n  File \"C:\\Users\\Egor\\PycharmProjects\\D2\\20210307_NewsPaper\\venv\\lib\\site-packages\\django\\db\\models\\sql\\query.py\", line 1885, in add_fields\n    raise FieldError(\"Cannot resolve keyword %r into field. \"\n"}}, {"model": "django_apscheduler.djangojobexecution", "pk": 14, "fields": {"job": "my_job", "status": "Executed", "run_time": "2021-04-15T20:54:50Z", "duration": "0.04", "finished": "1618520090.04", "exception": null, "traceback": null}}, {"model": "django_apscheduler.djangojobexecution", "pk": 15, "fields": {"job": "my_job", "status": "Executed", "run_time": "2021-04-15T20:55:00Z", "duration": "0.03", "finished": "1618520100.03", "exception": null, "traceback": null}}, {"model": "django_apscheduler.djangojobexecution", "pk": 16, "fields": {"job": "my_job", "status": "Executed", "run_time": "2021-04-15T20:59:40Z", "duration": "0.03", "finished": "1618520380.03", "exception": null, "traceback": null}}, {"model": "django_apscheduler.djangojobexecution", "pk": 17, "fields": {"job": "my_job", "status": "Executed", "run_time": "2021-04-15T20:59:50Z", "duration": "0.08", "finished": "1618520390.08", "exception": null, "traceback": null}}, {"model": "django_apscheduler.djangojobexecution", "pk": 18, "fields": {"job": "my_job", "status": "Executed", "run_time": "2021-04-15T21:01:20Z", "duration": "0.03", "finished": "1618520480.03", "exception": null, "traceback": null}}, {"model": "django_apscheduler.djangojobexecution", "pk": 19, "fields": {"job": "my_job", "status": "Error!", "run_time": "2021-04-16T19:05:10Z", "duration": "0.06", "finished": "1618599910.06", "exception": "'QuerySet' object has no attribute 'copy'", "traceback": "  File \"C:\\Users\\Egor\\PycharmProjects\\D2\\20210307_NewsPaper\\venv\\lib\\site-packages\\apscheduler\\executors\\base.py\", line 125, in run_job\n    retval = job.func(*job.args, **job.kwargs)\n  File \"C:\\Users\\Egor\\PycharmProjects\\D2\\20210307_NewsPaper\\NewsPaper\\NewsPaperApp\\management\\commands\\runapscheduler.py\", line 27, in my_job\n    notify_list.update({subscriber: Post.objects.filter(post_category=category).copy()})\n"}}, {"model": "django_apscheduler.djangojobexecution", "pk": 20, "fields": {"job": "my_job", "status": "Error!", "run_time": "2021-04-16T19:05:20Z", "duration": "0.07", "finished": "1618599920.07", "exception": "'QuerySet' object has no attribute 'copy'", "traceback": "  File \"C:\\Users\\Egor\\PycharmProjects\\D2\\20210307_NewsPaper\\venv\\lib\\site-packages\\apscheduler\\executors\\base.py\", line 125, in run_job\n    retval = job.func(*job.args, **job.kwargs)\n  File \"C:\\Users\\Egor\\PycharmProjects\\D2\\20210307_NewsPaper\\NewsPaper\\NewsPaperApp\\management\\commands\\runapscheduler.py\", line 27, in my_job\n    notify_list.update({subscriber: Post.objects.filter(post_category=category).copy()})\n"}}, {"model": "django_apscheduler.djangojobexecution", "pk": 21, "fields": {"job": "my_job", "status": "Executed", "run_time": "2021-04-16T19:05:50Z", "duration": "0.06", "finished": "1618599950.06", "exception": null, "traceback": null}}, {"model": "django_apscheduler.djangojobexecution", "pk": 22, "fields": {"job": "my_job", "status": "Error!", "run_time": "2021-04-16T19:08:00Z", "duration": "0.04", "finished": "1618600080.04", "exception": "'QuerySet' object has no attribute 'append'", "traceback": "  File \"C:\\Users\\Egor\\PycharmProjects\\D2\\20210307_NewsPaper\\venv\\lib\\site-packages\\apscheduler\\executors\\base.py\", line 125, in run_job\n    retval = job.func(*job.args, **job.kwargs)\n  File \"C:\\Users\\Egor\\PycharmProjects\\D2\\20210307_NewsPaper\\NewsPaper\\NewsPaperApp\\management\\commands\\runapscheduler.py\", line 29, in my_job\n    notify_list[subscriber].append(Post.objects.filter(post_category=category))\n"}}, {"model": "django_apscheduler.djangojobexecution", "pk": 23, "fields": {"job": "my_job", "status": "Error!", "run_time": "2021-04-16T19:08:10Z", "duration": "0.09", "finished": "1618600090.09", "exception": "'QuerySet' object has no attribute 'append'", "traceback": "  File \"C:\\Users\\Egor\\PycharmProjects\\D2\\20210307_NewsPaper\\venv\\lib\\site-packages\\apscheduler\\executors\\base.py\", line 125, in run_job\n    retval = job.func(*job.args, **job.kwargs)\n  File \"C:\\Users\\Egor\\PycharmProjects\\D2\\20210307_NewsPaper\\NewsPaper\\NewsPaperApp\\management\\commands\\runapscheduler.py\", line 29, in my_job\n    notify_list[subscriber].append(Post.objects.filter(post_category=category))\n"}}, {"model": "django_apscheduler.djangojobexecution", "pk": 24, "fields": {"job": "my_job", "status": "Error!", "run_time": "2021-04-16T19:08:20Z", "duration": "0.10", "finished": "1618600100.10", "exception": "'QuerySet' object has no attribute 'append'", "traceback": "  File \"C:\\Users\\Egor\\PycharmProjects\\D2\\20210307_NewsPaper\\venv\\lib\\site-packages\\apscheduler\\executors\\base.py\", line 125, in run_job\n    retval = job.func(*job.args, **job.kwargs)\n  File \"C:\\Users\\Egor\\PycharmProjects\\D2\\20210307_NewsPaper\\NewsPaper\\NewsPaperApp\\management\\commands\\runapscheduler.py\", line 29, in my_job\n    notify_list[subscriber].append(Post.objects.filter(post_category=category))\n"}}, {"model": "django_apscheduler.djangojobexecution", "pk": 25, "fields": {"job": "my_job", "status": "Executed", "run_time": "2021-04-16T19:12:20Z", "duration": "0.05", "finished": "1618600340.05", "exception": null, "traceback": null}}, {"model": "django_apscheduler.djangojobexecution", "pk": 26, "fields": {"job": "my_job", "status": "Executed", "run_time": "2021-04-16T19:18:50Z", "duration": "0.06", "finished": "1618600730.06", "exception": null, "traceback": null}}, {"model": "django_apscheduler.djangojobexecution", "pk": 27, "fields": {"job": "my_job", "status": "Executed", "run_time": "2021-04-16T20:08:50Z", "duration": "0.06", "finished": "1618603730.06", "exception": null, "traceback": null}}, {"model": "django_apscheduler.djangojobexecution", "pk": 28, "fields": {"job": "my_job", "status": "Missed!", "run_time": "2021-04-16T20:09:10Z", "duration": "7.09", "finished": "1618603757.09", "exception": "Run time of job 'my_job' was missed!", "traceback": null}}, {"model": "django_apscheduler.djangojobexecution", "pk": 29, "fields": {"job": "my_job", "status": "Executed", "run_time": "2021-04-16T20:09:20Z", "duration": "0.10", "finished": "1618603760.10", "exception": null, "traceback": null}}, {"model": "django_apscheduler.djangojobexecution", "pk": 30, "fields": {"job": "my_job", "status": "Executed", "run_time": "2021-04-16T20:09:30Z", "duration": "0.10", "finished": "1618603770.10", "exception": null, "traceback": null}}, {"model": "django_apscheduler.djangojobexecution", "pk": 31, "fields": {"job": "my_job", "status": "Executed", "run_time": "2021-04-16T20:09:40Z", "duration": "0.11", "finished": "1618603780.11", "exception": null, "traceback": null}}, {"model": "django_apscheduler.djangojobexecution", "pk": 32, "fields": {"job": "my_job", "status": "Executed", "run_time": "2021-04-16T20:09:50Z", "duration": "0.13", "finished": "1618603790.13", "exception": null, "traceback": null}}, {"model": "django_apscheduler.djangojobexecution", "pk": 33, "fields": {"job": "my_job", "status": "Executed", "run_time": "2021-04-16T20:10:00Z", "duration": "0.12", "finished": "1618603800.12", "exception": null, "traceback": null}}, {"model": "django_apscheduler.djangojobexecution", "pk": 34, "fields": {"job": "delete_old_job_executions", "status": "Executed", "run_time": "2021-04-16T20:10:00Z", "duration": "0.15", "finished": "1618603800.15", "exception": null, "traceback": null}}, {"model": "django_apscheduler.djangojobexecution", "pk": 35, "fields": {"job": "my_job", "status": "Executed", "run_time": "2021-04-16T20:10:10Z", "duration": "0.10", "finished": "1618603810.10", "exception": null, "traceback": null}}, {"model": "django_apscheduler.djangojobexecution", "pk": 36, "fields": {"job": "my_job", "status": "Executed", "run_time": "2021-04-16T20:10:20Z", "duration": "0.13", "finished": "1618603820.13", "exception": null, "traceback": null}}, {"model": "django_apscheduler.djangojobexecution", "pk": 37, "fields": {"job": "my_job", "status": "Executed", "run_time": "2021-04-16T20:13:00Z", "duration": "0.07", "finished": "1618603980.07", "exception": null, "traceback": null}}, {"model": "django_apscheduler.djangojobexecution", "pk": 38, "fields": {"job": "my_job", "status": "Executed", "run_time": "2021-04-16T20:21:50Z", "duration": "0.07", "finished": "1618604510.07", "exception": null, "traceback": null}}, {"model": "django_apscheduler.djangojobexecution", "pk": 39, "fields": {"job": "my_job", "status": "Executed", "run_time": "2021-04-16T20:28:30Z", "duration": "0.06", "finished": "1618604910.06", "exception": null, "traceback": null}}, {"model": "django_apscheduler.djangojobexecution", "pk": 40, "fields": {"job": "my_job", "status": "Executed", "run_time": "2021-04-16T20:29:40Z", "duration": "0.04", "finished": "1618604980.04", "exception": null, "traceback": null}}, {"model": "django_apscheduler.djangojobexecution", "pk": 41, "fields": {"job": "my_job", "status": "Executed", "run_time": "2021-04-16T21:58:10Z", "duration": "2.07", "finished": "1618610292.07", "exception": null, "traceback": null}}, {"model": "django_apscheduler.djangojobexecution", "pk": 42, "fields": {"job": "my_job", "status": "Error!", "run_time": "2021-04-16T22:06:20Z", "duration": "0.09", "finished": "1618610780.09", "exception": "'Post' object has no attribute 'query'", "traceback": "  File \"C:\\Users\\Egor\\PycharmProjects\\D2\\20210307_NewsPaper\\venv\\lib\\site-packages\\apscheduler\\executors\\base.py\", line 125, in run_job\n    retval = job.func(*job.args, **job.kwargs)\n  File \"C:\\Users\\Egor\\PycharmProjects\\D2\\20210307_NewsPaper\\NewsPaper\\NewsPaperApp\\management\\commands\\runapscheduler.py\", line 34, in my_job\n    notify_dict[subscriber].union(post)\n  File \"C:\\Users\\Egor\\PycharmProjects\\D2\\20210307_NewsPaper\\venv\\lib\\site-packages\\django\\db\\models\\query.py\", line 1004, in union\n    return self._combinator_query('union', *other_qs, all=all)\n  File \"C:\\Users\\Egor\\PycharmProjects\\D2\\20210307_NewsPaper\\venv\\lib\\site-packages\\django\\db\\models\\query.py\", line 994, in _combinator_query\n    clone.query.combined_queries = (self.query,) + tuple(qs.query for qs in other_qs)\n  File \"C:\\Users\\Egor\\PycharmProjects\\D2\\20210307_NewsPaper\\venv\\lib\\site-packages\\django\\db\\models\\query.py\", line 994, in <genexpr>\n    clone.query.combined_queries = (self.query,) + tuple(qs.query for qs in other_qs)\n"}}, {"model": "django_apscheduler.djangojobexecution", "pk": 43, "fields": {"job": "my_job", "status": "Error!", "run_time": "2021-04-16T22:06:30Z", "duration": "0.10", "finished": "1618610790.10", "exception": "'Post' object has no attribute 'query'", "traceback": "  File \"C:\\Users\\Egor\\PycharmProjects\\D2\\20210307_NewsPaper\\venv\\lib\\site-packages\\apscheduler\\executors\\base.py\", line 125, in run_job\n    retval = job.func(*job.args, **job.kwargs)\n  File \"C:\\Users\\Egor\\PycharmProjects\\D2\\20210307_NewsPaper\\NewsPaper\\NewsPaperApp\\management\\commands\\runapscheduler.py\", line 34, in my_job\n    notify_dict[subscriber].union(post)\n  File \"C:\\Users\\Egor\\PycharmProjects\\D2\\20210307_NewsPaper\\venv\\lib\\site-packages\\django\\db\\models\\query.py\", line 1004, in union\n    return self._combinator_query('union', *other_qs, all=all)\n  File \"C:\\Users\\Egor\\PycharmProjects\\D2\\20210307_NewsPaper\\venv\\lib\\site-packages\\django\\db\\models\\query.py\", line 994, in _combinator_query\n    clone.query.combined_queries = (self.query,) + tuple(qs.query for qs in other_qs)\n  File \"C:\\Users\\Egor\\PycharmProjects\\D2\\20210307_NewsPaper\\venv\\lib\\site-packages\\django\\db\\models\\query.py\", line 994, in <genexpr>\n    clone.query.combined_queries = (self.query,) + tuple(qs.query for qs in other_qs)\n"}}, {"model": "django_apscheduler.djangojobexecution", "pk": 44, "fields": {"job": "my_job", "status": "Error!", "run_time": "2021-04-16T22:06:40Z", "duration": "0.11", "finished": "1618610800.11", "exception": "'Post' object has no attribute 'query'", "traceback": "  File \"C:\\Users\\Egor\\PycharmProjects\\D2\\20210307_NewsPaper\\venv\\lib\\site-packages\\apscheduler\\executors\\base.py\", line 125, in run_job\n    retval = job.func(*job.args, **job.kwargs)\n  File \"C:\\Users\\Egor\\PycharmProjects\\D2\\20210307_NewsPaper\\NewsPaper\\NewsPaperApp\\management\\commands\\runapscheduler.py\", line 34, in my_job\n    notify_dict[subscriber].union(post)\n  File \"C:\\Users\\Egor\\PycharmProjects\\D2\\20210307_NewsPaper\\venv\\lib\\site-packages\\django\\db\\models\\query.py\", line 1004, in union\n    return self._combinator_query('union', *other_qs, all=all)\n  File \"C:\\Users\\Egor\\PycharmProjects\\D2\\20210307_NewsPaper\\venv\\lib\\site-packages\\django\\db\\models\\query.py\", line 994, in _combinator_query\n    clone.query.combined_queries = (self.query,) + tuple(qs.query for qs in other_qs)\n  File \"C:\\Users\\Egor\\PycharmProjects\\D2\\20210307_NewsPaper\\venv\\lib\\site-packages\\django\\db\\models\\query.py\", line 994, in <genexpr>\n    clone.query.combined_queries = (self.query,) + tuple(qs.query for qs in other_qs)\n"}}, {"model": "django_apscheduler.djangojobexecution", "pk": 45, "fields": {"job": "my_job", "status": "Error!", "run_time": "2021-04-16T22:06:50Z", "duration": "0.11", "finished": "1618610810.11", "exception": "'Post' object has no attribute 'query'", "traceback": "  File \"C:\\Users\\Egor\\PycharmProjects\\D2\\20210307_NewsPaper\\venv\\lib\\site-packages\\apscheduler\\executors\\base.py\", line 125, in run_job\n    retval = job.func(*job.args, **job.kwargs)\n  File \"C:\\Users\\Egor\\PycharmProjects\\D2\\20210307_NewsPaper\\NewsPaper\\NewsPaperApp\\management\\commands\\runapscheduler.py\", line 34, in my_job\n    notify_dict[subscriber].union(post)\n  File \"C:\\Users\\Egor\\PycharmProjects\\D2\\20210307_NewsPaper\\venv\\lib\\site-packages\\django\\db\\models\\query.py\", line 1004, in union\n    return self._combinator_query('union', *other_qs, all=all)\n  File \"C:\\Users\\Egor\\PycharmProjects\\D2\\20210307_NewsPaper\\venv\\lib\\site-packages\\django\\db\\models\\query.py\", line 994, in _combinator_query\n    clone.query.combined_queries = (self.query,) + tuple(qs.query for qs in other_qs)\n  File \"C:\\Users\\Egor\\PycharmProjects\\D2\\20210307_NewsPaper\\venv\\lib\\site-packages\\django\\db\\models\\query.py\", line 994, in <genexpr>\n    clone.query.combined_queries = (self.query,) + tuple(qs.query for qs in other_qs)\n"}}, {"model": "django_apscheduler.djangojobexecution", "pk": 46, "fields": {"job": "my_job", "status": "Error!", "run_time": "2021-04-16T22:07:00Z", "duration": "0.13", "finished": "1618610820.13", "exception": "'Post' object has no attribute 'query'", "traceback": "  File \"C:\\Users\\Egor\\PycharmProjects\\D2\\20210307_NewsPaper\\venv\\lib\\site-packages\\apscheduler\\executors\\base.py\", line 125, in run_job\n    retval = job.func(*job.args, **job.kwargs)\n  File \"C:\\Users\\Egor\\PycharmProjects\\D2\\20210307_NewsPaper\\NewsPaper\\NewsPaperApp\\management\\commands\\runapscheduler.py\", line 34, in my_job\n  File \"C:\\Users\\Egor\\PycharmProjects\\D2\\20210307_NewsPaper\\venv\\lib\\site-packages\\django\\db\\models\\query.py\", line 1004, in union\n    return self._combinator_query('union', *other_qs, all=all)\n  File \"C:\\Users\\Egor\\PycharmProjects\\D2\\20210307_NewsPaper\\venv\\lib\\site-packages\\django\\db\\models\\query.py\", line 994, in _combinator_query\n    clone.query.combined_queries = (self.query,) + tuple(qs.query for qs in other_qs)\n  File \"C:\\Users\\Egor\\PycharmProjects\\D2\\20210307_NewsPaper\\venv\\lib\\site-packages\\django\\db\\models\\query.py\", line 994, in <genexpr>\n    clone.query.combined_queries = (self.query,) + tuple(qs.query for qs in other_qs)\n"}}, {"model": "django_apscheduler.djangojobexecution", "pk": 47, "fields": {"job": "my_job", "status": "Executed", "run_time": "2021-04-16T22:07:30Z", "duration": "0.06", "finished": "1618610850.06", "exception": null, "traceback": null}}, {"model": "django_apscheduler.djangojobexecution", "pk": 48, "fields": {"job": "my_job", "status": "Executed", "run_time": "2021-04-16T22:09:50Z", "duration": "0.06", "finished": "1618610990.06", "exception": null, "traceback": null}}, {"model": "django_apscheduler.djangojobexecution", "pk": 49, "fields": {"job": "my_job", "status": "Executed", "run_time": "2021-04-16T22:13:50Z", "duration": "0.07", "finished": "1618611230.07", "exception": null, "traceback": null}}, {"model": "django_apscheduler.djangojobexecution", "pk": 50, "fields": {"job": "my_job", "status": "Executed", "run_time": "2021-04-16T22:14:40Z", "duration": "0.05", "finished": "1618611280.05", "exception": null, "traceback": null}}, {"model": "django_apscheduler.djangojobexecution", "pk": 51, "fields": {"job": "my_job", "status": "Error!", "run_time": "2021-04-16T22:16:20Z", "duration": "0.07", "finished": "1618611380.07", "exception": "'QuerySet' object has no attribute 'post_datetime'", "traceback": "  File \"C:\\Users\\Egor\\PycharmProjects\\D2\\20210307_NewsPaper\\venv\\lib\\site-packages\\apscheduler\\executors\\base.py\", line 125, in run_job\n    retval = job.func(*job.args, **job.kwargs)\n  File \"C:\\Users\\Egor\\PycharmProjects\\D2\\20210307_NewsPaper\\NewsPaper\\NewsPaperApp\\management\\commands\\runapscheduler.py\", line 38, in my_job\n    print(news.post_datetime)\n"}}, {"model": "django_apscheduler.djangojobexecution", "pk": 52, "fields": {"job": "my_job", "status": "Executed", "run_time": "2021-04-16T22:19:40Z", "duration": "0.05", "finished": "1618611580.05", "exception": null, "traceback": null}}, {"model": "django_apscheduler.djangojobexecution", "pk": 53, "fields": {"job": "my_job", "status": "Executed", "run_time": "2021-04-16T22:19:50Z", "duration": "0.10", "finished": "1618611590.10", "exception": null, "traceback": null}}, {"model": "django_apscheduler.djangojobexecution", "pk": 54, "fields": {"job": "my_job", "status": "Error!", "run_time": "2021-04-16T22:23:20Z", "duration": "0.06", "finished": "1618611800.06", "exception": "ORDER BY not allowed in subqueries of compound statements.", "traceback": "  File \"C:\\Users\\Egor\\PycharmProjects\\D2\\20210307_NewsPaper\\venv\\lib\\site-packages\\apscheduler\\executors\\base.py\", line 125, in run_job\n    retval = job.func(*job.args, **job.kwargs)\n  File \"C:\\Users\\Egor\\PycharmProjects\\D2\\20210307_NewsPaper\\NewsPaper\\NewsPaperApp\\management\\commands\\runapscheduler.py\", line 37, in my_job\n    print(notify_dict)\n  File \"C:\\Users\\Egor\\PycharmProjects\\D2\\20210307_NewsPaper\\venv\\lib\\site-packages\\django\\db\\models\\query.py\", line 263, in __repr__\n    data = list(self[:REPR_OUTPUT_SIZE + 1])\n  File \"C:\\Users\\Egor\\PycharmProjects\\D2\\20210307_NewsPaper\\venv\\lib\\site-packages\\django\\db\\models\\query.py\", line 269, in __len__\n    self._fetch_all()\n  File \"C:\\Users\\Egor\\PycharmProjects\\D2\\20210307_NewsPaper\\venv\\lib\\site-packages\\django\\db\\models\\query.py\", line 1308, in _fetch_all\n    self._result_cache = list(self._iterable_class(self))\n  File \"C:\\Users\\Egor\\PycharmProjects\\D2\\20210307_NewsPaper\\venv\\lib\\site-packages\\django\\db\\models\\query.py\", line 53, in __iter__\n    results = compiler.execute_sql(chunked_fetch=self.chunked_fetch, chunk_size=self.chunk_size)\n  File \"C:\\Users\\Egor\\PycharmProjects\\D2\\20210307_NewsPaper\\venv\\lib\\site-packages\\django\\db\\models\\sql\\compiler.py\", line 1143, in execute_sql\n    sql, params = self.as_sql()\n  File \"C:\\Users\\Egor\\PycharmProjects\\D2\\20210307_NewsPaper\\venv\\lib\\site-packages\\django\\db\\models\\sql\\compiler.py\", line 507, in as_sql\n    result, params = self.get_combinator_sql(combinator, self.query.combinator_all)\n  File \"C:\\Users\\Egor\\PycharmProjects\\D2\\20210307_NewsPaper\\venv\\lib\\site-packages\\django\\db\\models\\sql\\compiler.py\", line 444, in get_combinator_sql\n    raise DatabaseError('ORDER BY not allowed in subqueries of compound statements.')\n"}}, {"model": "django_apscheduler.djangojobexecution", "pk": 55, "fields": {"job": "my_job", "status": "Error!", "run_time": "2021-04-16T22:23:30Z", "duration": "0.12", "finished": "1618611810.12", "exception": "ORDER BY not allowed in subqueries of compound statements.", "traceback": "  File \"C:\\Users\\Egor\\PycharmProjects\\D2\\20210307_NewsPaper\\venv\\lib\\site-packages\\apscheduler\\executors\\base.py\", line 125, in run_job\n    retval = job.func(*job.args, **job.kwargs)\n  File \"C:\\Users\\Egor\\PycharmProjects\\D2\\20210307_NewsPaper\\NewsPaper\\NewsPaperApp\\management\\commands\\runapscheduler.py\", line 37, in my_job\n    print(notify_dict)\n  File \"C:\\Users\\Egor\\PycharmProjects\\D2\\20210307_NewsPaper\\venv\\lib\\site-packages\\django\\db\\models\\query.py\", line 263, in __repr__\n    data = list(self[:REPR_OUTPUT_SIZE + 1])\n  File \"C:\\Users\\Egor\\PycharmProjects\\D2\\20210307_NewsPaper\\venv\\lib\\site-packages\\django\\db\\models\\query.py\", line 269, in __len__\n    self._fetch_all()\n  File \"C:\\Users\\Egor\\PycharmProjects\\D2\\20210307_NewsPaper\\venv\\lib\\site-packages\\django\\db\\models\\query.py\", line 1308, in _fetch_all\n    self._result_cache = list(self._iterable_class(self))\n  File \"C:\\Users\\Egor\\PycharmProjects\\D2\\20210307_NewsPaper\\venv\\lib\\site-packages\\django\\db\\models\\query.py\", line 53, in __iter__\n    results = compiler.execute_sql(chunked_fetch=self.chunked_fetch, chunk_size=self.chunk_size)\n  File \"C:\\Users\\Egor\\PycharmProjects\\D2\\20210307_NewsPaper\\venv\\lib\\site-packages\\django\\db\\models\\sql\\compiler.py\", line 1143, in execute_sql\n    sql, params = self.as_sql()\n  File \"C:\\Users\\Egor\\PycharmProjects\\D2\\20210307_NewsPaper\\venv\\lib\\site-packages\\django\\db\\models\\sql\\compiler.py\", line 507, in as_sql\n    result, params = self.get_combinator_sql(combinator, self.query.combinator_all)\n  File \"C:\\Users\\Egor\\PycharmProjects\\D2\\20210307_NewsPaper\\venv\\lib\\site-packages\\django\\db\\models\\sql\\compiler.py\", line 444, in get_combinator_sql\n    raise DatabaseError('ORDER BY not allowed in subqueries of compound statements.')\n"}}, {"model": "django_apscheduler.djangojobexecution", "pk": 56, "fields": {"job": "my_job", "status": "Error!", "run_time": "2021-04-16T22:23:40Z", "duration": "0.13", "finished": "1618611820.13", "exception": "ORDER BY not allowed in subqueries of compound statements.", "traceback": "  File \"C:\\Users\\Egor\\PycharmProjects\\D2\\20210307_NewsPaper\\venv\\lib\\site-packages\\apscheduler\\executors\\base.py\", line 125, in run_job\n    retval = job.func(*job.args, **job.kwargs)\n  File \"C:\\Users\\Egor\\PycharmProjects\\D2\\20210307_NewsPaper\\NewsPaper\\NewsPaperApp\\management\\commands\\runapscheduler.py\", line 37, in my_job\n    print(notify_dict)\n  File \"C:\\Users\\Egor\\PycharmProjects\\D2\\20210307_NewsPaper\\venv\\lib\\site-packages\\django\\db\\models\\query.py\", line 263, in __repr__\n    data = list(self[:REPR_OUTPUT_SIZE + 1])\n  File \"C:\\Users\\Egor\\PycharmProjects\\D2\\20210307_NewsPaper\\venv\\lib\\site-packages\\django\\db\\models\\query.py\", line 269, in __len__\n    self._fetch_all()\n  File \"C:\\Users\\Egor\\PycharmProjects\\D2\\20210307_NewsPaper\\venv\\lib\\site-packages\\django\\db\\models\\query.py\", line 1308, in _fetch_all\n    self._result_cache = list(self._iterable_class(self))\n  File \"C:\\Users\\Egor\\PycharmProjects\\D2\\20210307_NewsPaper\\venv\\lib\\site-packages\\django\\db\\models\\query.py\", line 53, in __iter__\n    results = compiler.execute_sql(chunked_fetch=self.chunked_fetch, chunk_size=self.chunk_size)\n  File \"C:\\Users\\Egor\\PycharmProjects\\D2\\20210307_NewsPaper\\venv\\lib\\site-packages\\django\\db\\models\\sql\\compiler.py\", line 1143, in execute_sql\n    sql, params = self.as_sql()\n  File \"C:\\Users\\Egor\\PycharmProjects\\D2\\20210307_NewsPaper\\venv\\lib\\site-packages\\django\\db\\models\\sql\\compiler.py\", line 507, in as_sql\n    result, params = self.get_combinator_sql(combinator, self.query.combinator_all)\n  File \"C:\\Users\\Egor\\PycharmProjects\\D2\\20210307_NewsPaper\\venv\\lib\\site-packages\\django\\db\\models\\sql\\compiler.py\", line 444, in get_combinator_sql\n    raise DatabaseError('ORDER BY not allowed in subqueries of compound statements.')\n"}}, {"model": "django_apscheduler.djangojobexecution", "pk": 57, "fields": {"job": "my_job", "status": "Error!", "run_time": "2021-04-16T22:23:50Z", "duration": "0.10", "finished": "1618611830.10", "exception": "ORDER BY not allowed in subqueries of compound statements.", "traceback": "  File \"C:\\Users\\Egor\\PycharmProjects\\D2\\20210307_NewsPaper\\venv\\lib\\site-packages\\apscheduler\\executors\\base.py\", line 125, in run_job\n    retval = job.func(*job.args, **job.kwargs)\n  File \"C:\\Users\\Egor\\PycharmProjects\\D2\\20210307_NewsPaper\\NewsPaper\\NewsPaperApp\\management\\commands\\runapscheduler.py\", line 37, in my_job\n    print(notify_dict)\n  File \"C:\\Users\\Egor\\PycharmProjects\\D2\\20210307_NewsPaper\\venv\\lib\\site-packages\\django\\db\\models\\query.py\", line 263, in __repr__\n    data = list(self[:REPR_OUTPUT_SIZE + 1])\n  File \"C:\\Users\\Egor\\PycharmProjects\\D2\\20210307_NewsPaper\\venv\\lib\\site-packages\\django\\db\\models\\query.py\", line 269, in __len__\n    self._fetch_all()\n  File \"C:\\Users\\Egor\\PycharmProjects\\D2\\20210307_NewsPaper\\venv\\lib\\site-packages\\django\\db\\models\\query.py\", line 1308, in _fetch_all\n    self._result_cache = list(self._iterable_class(self))\n  File \"C:\\Users\\Egor\\PycharmProjects\\D2\\20210307_NewsPaper\\venv\\lib\\site-packages\\django\\db\\models\\query.py\", line 53, in __iter__\n    results = compiler.execute_sql(chunked_fetch=self.chunked_fetch, chunk_size=self.chunk_size)\n  File \"C:\\Users\\Egor\\PycharmProjects\\D2\\20210307_NewsPaper\\venv\\lib\\site-packages\\django\\db\\models\\sql\\compiler.py\", line 1143, in execute_sql\n    sql, params = self.as_sql()\n  File \"C:\\Users\\Egor\\PycharmProjects\\D2\\20210307_NewsPaper\\venv\\lib\\site-packages\\django\\db\\models\\sql\\compiler.py\", line 507, in as_sql\n    result, params = self.get_combinator_sql(combinator, self.query.combinator_all)\n  File \"C:\\Users\\Egor\\PycharmProjects\\D2\\20210307_NewsPaper\\venv\\lib\\site-packages\\django\\db\\models\\sql\\compiler.py\", line 444, in get_combinator_sql\n    raise DatabaseError('ORDER BY not allowed in subqueries of compound statements.')\n"}}, {"model": "django_apscheduler.djangojobexecution", "pk": 58, "fields": {"job": "my_job", "status": "Error!", "run_time": "2021-04-16T22:24:00Z", "duration": "0.10", "finished": "1618611840.10", "exception": "ORDER BY not allowed in subqueries of compound statements.", "traceback": "  File \"C:\\Users\\Egor\\PycharmProjects\\D2\\20210307_NewsPaper\\venv\\lib\\site-packages\\apscheduler\\executors\\base.py\", line 125, in run_job\n    retval = job.func(*job.args, **job.kwargs)\n  File \"C:\\Users\\Egor\\PycharmProjects\\D2\\20210307_NewsPaper\\NewsPaper\\NewsPaperApp\\management\\commands\\runapscheduler.py\", line 37, in my_job\n    print(notify_dict)\n  File \"C:\\Users\\Egor\\PycharmProjects\\D2\\20210307_NewsPaper\\venv\\lib\\site-packages\\django\\db\\models\\query.py\", line 263, in __repr__\n    data = list(self[:REPR_OUTPUT_SIZE + 1])\n  File \"C:\\Users\\Egor\\PycharmProjects\\D2\\20210307_NewsPaper\\venv\\lib\\site-packages\\django\\db\\models\\query.py\", line 269, in __len__\n    self._fetch_all()\n  File \"C:\\Users\\Egor\\PycharmProjects\\D2\\20210307_NewsPaper\\venv\\lib\\site-packages\\django\\db\\models\\query.py\", line 1308, in _fetch_all\n    self._result_cache = list(self._iterable_class(self))\n  File \"C:\\Users\\Egor\\PycharmProjects\\D2\\20210307_NewsPaper\\venv\\lib\\site-packages\\django\\db\\models\\query.py\", line 53, in __iter__\n    results = compiler.execute_sql(chunked_fetch=self.chunked_fetch, chunk_size=self.chunk_size)\n  File \"C:\\Users\\Egor\\PycharmProjects\\D2\\20210307_NewsPaper\\venv\\lib\\site-packages\\django\\db\\models\\sql\\compiler.py\", line 1143, in execute_sql\n    sql, params = self.as_sql()\n  File \"C:\\Users\\Egor\\PycharmProjects\\D2\\20210307_NewsPaper\\venv\\lib\\site-packages\\django\\db\\models\\sql\\compiler.py\", line 507, in as_sql\n    result, params = self.get_combinator_sql(combinator, self.query.combinator_all)\n  File \"C:\\Users\\Egor\\PycharmProjects\\D2\\20210307_NewsPaper\\venv\\lib\\site-packages\\django\\db\\models\\sql\\compiler.py\", line 444, in get_combinator_sql\n    raise DatabaseError('ORDER BY not allowed in subqueries of compound statements.')\n"}}, {"model": "django_apscheduler.djangojobexecution", "pk": 59, "fields": {"job": "my_job", "status": "Error!", "run_time": "2021-04-16T22:24:10Z", "duration": "0.11", "finished": "1618611850.11", "exception": "ORDER BY not allowed in subqueries of compound statements.", "traceback": "  File \"C:\\Users\\Egor\\PycharmProjects\\D2\\20210307_NewsPaper\\venv\\lib\\site-packages\\apscheduler\\executors\\base.py\", line 125, in run_job\n    retval = job.func(*job.args, **job.kwargs)\n  File \"C:\\Users\\Egor\\PycharmProjects\\D2\\20210307_NewsPaper\\NewsPaper\\NewsPaperApp\\management\\commands\\runapscheduler.py\", line 37, in my_job\n    print(notify_dict)\n  File \"C:\\Users\\Egor\\PycharmProjects\\D2\\20210307_NewsPaper\\venv\\lib\\site-packages\\django\\db\\models\\query.py\", line 263, in __repr__\n    data = list(self[:REPR_OUTPUT_SIZE + 1])\n  File \"C:\\Users\\Egor\\PycharmProjects\\D2\\20210307_NewsPaper\\venv\\lib\\site-packages\\django\\db\\models\\query.py\", line 269, in __len__\n    self._fetch_all()\n  File \"C:\\Users\\Egor\\PycharmProjects\\D2\\20210307_NewsPaper\\venv\\lib\\site-packages\\django\\db\\models\\query.py\", line 1308, in _fetch_all\n    self._result_cache = list(self._iterable_class(self))\n  File \"C:\\Users\\Egor\\PycharmProjects\\D2\\20210307_NewsPaper\\venv\\lib\\site-packages\\django\\db\\models\\query.py\", line 53, in __iter__\n    results = compiler.execute_sql(chunked_fetch=self.chunked_fetch, chunk_size=self.chunk_size)\n  File \"C:\\Users\\Egor\\PycharmProjects\\D2\\20210307_NewsPaper\\venv\\lib\\site-packages\\django\\db\\models\\sql\\compiler.py\", line 1143, in execute_sql\n    sql, params = self.as_sql()\n  File \"C:\\Users\\Egor\\PycharmProjects\\D2\\20210307_NewsPaper\\venv\\lib\\site-packages\\django\\db\\models\\sql\\compiler.py\", line 507, in as_sql\n    result, params = self.get_combinator_sql(combinator, self.query.combinator_all)\n  File \"C:\\Users\\Egor\\PycharmProjects\\D2\\20210307_NewsPaper\\venv\\lib\\site-packages\\django\\db\\models\\sql\\compiler.py\", line 444, in get_combinator_sql\n    raise DatabaseError('ORDER BY not allowed in subqueries of compound statements.')\n"}}, {"model": "django_apscheduler.djangojobexecution", "pk": 60, "fields": {"job": "my_job", "status": "Error!", "run_time": "2021-04-16T22:24:20Z", "duration": "0.10", "finished": "1618611860.10", "exception": "ORDER BY not allowed in subqueries of compound statements.", "traceback": "  File \"C:\\Users\\Egor\\PycharmProjects\\D2\\20210307_NewsPaper\\venv\\lib\\site-packages\\apscheduler\\executors\\base.py\", line 125, in run_job\n    retval = job.func(*job.args, **job.kwargs)\n  File \"C:\\Users\\Egor\\PycharmProjects\\D2\\20210307_NewsPaper\\NewsPaper\\NewsPaperApp\\management\\commands\\runapscheduler.py\", line 37, in my_job\n    print(notify_dict)\n  File \"C:\\Users\\Egor\\PycharmProjects\\D2\\20210307_NewsPaper\\venv\\lib\\site-packages\\django\\db\\models\\query.py\", line 263, in __repr__\n    data = list(self[:REPR_OUTPUT_SIZE + 1])\n  File \"C:\\Users\\Egor\\PycharmProjects\\D2\\20210307_NewsPaper\\venv\\lib\\site-packages\\django\\db\\models\\query.py\", line 269, in __len__\n    self._fetch_all()\n  File \"C:\\Users\\Egor\\PycharmProjects\\D2\\20210307_NewsPaper\\venv\\lib\\site-packages\\django\\db\\models\\query.py\", line 1308, in _fetch_all\n    self._result_cache = list(self._iterable_class(self))\n  File \"C:\\Users\\Egor\\PycharmProjects\\D2\\20210307_NewsPaper\\venv\\lib\\site-packages\\django\\db\\models\\query.py\", line 53, in __iter__\n    results = compiler.execute_sql(chunked_fetch=self.chunked_fetch, chunk_size=self.chunk_size)\n  File \"C:\\Users\\Egor\\PycharmProjects\\D2\\20210307_NewsPaper\\venv\\lib\\site-packages\\django\\db\\models\\sql\\compiler.py\", line 1143, in execute_sql\n    sql, params = self.as_sql()\n  File \"C:\\Users\\Egor\\PycharmProjects\\D2\\20210307_NewsPaper\\venv\\lib\\site-packages\\django\\db\\models\\sql\\compiler.py\", line 507, in as_sql\n    result, params = self.get_combinator_sql(combinator, self.query.combinator_all)\n  File \"C:\\Users\\Egor\\PycharmProjects\\D2\\20210307_NewsPaper\\venv\\lib\\site-packages\\django\\db\\models\\sql\\compiler.py\", line 444, in get_combinator_sql\n    raise DatabaseError('ORDER BY not allowed in subqueries of compound statements.')\n"}}, {"model": "django_apscheduler.djangojobexecution", "pk": 61, "fields": {"job": "my_job", "status": "Executed", "run_time": "2021-04-16T22:25:40Z", "duration": "0.06", "finished": "1618611940.06", "exception": null, "traceback": null}}, {"model": "django_apscheduler.djangojobexecution", "pk": 62, "fields": {"job": "my_job", "status": "Error!", "run_time": "2021-04-16T22:28:30Z", "duration": "0.07", "finished": "1618612110.07", "exception": "'QuerySet' object has no attribute 'post_datetime'", "traceback": "  File \"C:\\Users\\Egor\\PycharmProjects\\D2\\20210307_NewsPaper\\venv\\lib\\site-packages\\apscheduler\\executors\\base.py\", line 125, in run_job\n    retval = job.func(*job.args, **job.kwargs)\n  File \"C:\\Users\\Egor\\PycharmProjects\\D2\\20210307_NewsPaper\\NewsPaper\\NewsPaperApp\\management\\commands\\runapscheduler.py\", line 39, in my_job\n    print(news.post_datetime)\n"}}, {"model": "django_apscheduler.djangojobexecution", "pk": 63, "fields": {"job": "my_job", "status": "Executed", "run_time": "2021-04-16T22:29:00Z", "duration": "4.32", "finished": "1618612144.32", "exception": null, "traceback": null}}, {"model": "django_apscheduler.djangojobexecution", "pk": 64, "fields": {"job": "my_job", "status": "Executed", "run_time": "2021-04-20T12:42:30Z", "duration": "0.08", "finished": "1618922550.08", "exception": null, "traceback": null}}, {"model": "django_apscheduler.djangojobexecution", "pk": 65, "fields": {"job": "my_job", "status": "Executed", "run_time": "2021-04-20T12:42:40Z", "duration": "0.09", "finished": "1618922560.09", "exception": null, "traceback": null}}, {"model": "account.emailaddress", "pk": 5, "fields": {"user": 8, "email": "egoranisimov@gmail.com", "verified": true, "primary": true}}, {"model": "account.emailaddress", "pk": 6, "fields": {"user": 1, "email": "epanisimov@yandex.ru", "verified": true, "primary": true}}, {"model": "socialaccount.socialapp", "pk": 1, "fields": {"provider": "google", "name": "Google", "client_id": "463271851868-apu7v3ta55gvps2vus4g79gjhn5mebvk.apps.googleusercontent.com", "secret": "ky5vsKbI5kiJ_bv_sHRqSLaX", "key": "", "sites": [1]}}, {"model": "NewsPaperApp.author", "pk": 1, "fields": {"author": 1, "author_rating": 33}}, {"model": "NewsPaperApp.author", "pk": 2, "fields": {"author": 2, "author_rating": 6}}, {"model": "NewsPaperApp.author", "pk": 3, "fields": {"author": 8, "author_rating": 0}}, {"model": "NewsPaperApp.category", "pk": 1, "fields": {"category_name": "Спорт", "subscribers": []}}, {"model": "NewsPaperApp.category", "pk": 2, "fields": {"category_name": "Политика", "subscribers": [1, 8]}}, {"model": "NewsPaperApp.category", "pk": 3, "fields": {"category_name": "Наука", "subscribers": []}}, {"model": "NewsPaperApp.category", "pk": 4, "fields": {"category_name": "Криминал", "subscribers": [1]}}, {"model": "NewsPaperApp.post", "pk": 1, "fields": {"author": 1, "post_type": "Статья", "post_datetime": "2021-03-09T21:18:25.497Z", "post_title": "Заголовок слово1 статьи 1", "post_content": "Текст статьи 1", "post_rating": 5}}, {"model": "NewsPaperApp.post", "pk": 2, "fields": {"author": 1, "post_type": "Статья", "post_datetime": "2021-03-09T21:18:25.519Z", "post_title": "Заголовок статьи 2", "post_content": "Текст статьи 2. Пример цензурируемого слова в тексте статьи - СЛОВО2!", "post_rating": 3}}, {"model": "NewsPaperApp.post", "pk": 3, "fields": {"author": 2, "post_type": "Новость", "post_datetime": "2021-03-09T21:18:25.527Z", "post_title": "Заголовок новости 1", "post_content": "Текст новости 1", "post_rating": 4}}, {"model": "NewsPaperApp.post", "pk": 4, "fields": {"author": 1, "post_type": "Новость", "post_datetime": "2021-03-19T20:49:44.027Z", "post_title": "Заголовок новости 2", "post_content": "Текст новости 2", "post_rating": 0}}, {"model": "NewsPaperApp.post", "pk": 5, "fields": {"author": 2, "post_type": "Новость", "post_datetime": "2021-03-20T18:30:56.369Z", "post_title": "Заголовок новости 3", "post_content": "Текст новости 3", "post_rating": 0}}, {"model": "NewsPaperApp.post", "pk": 68, "fields": {"author": 3, "post_type": "Статья", "post_datetime": "2021-04-13T20:32:43.057Z", "post_title": "Заголовок статьи 3", "post_content": "Текст статьи 3", "post_rating": 0}}, {"model": "NewsPaperApp.post", "pk": 69, "fields": {"author": 3, "post_type": "Статья", "post_datetime": "2021-04-13T20:36:42.645Z", "post_title": "Заголовок статьи 4", "post_content": "Текст статьи 4", "post_rating": 0}}, {"model": "NewsPaperApp.post", "pk": 75, "fields": {"author": 3, "post_type": "Новость", "post_datetime": "2021-04-13T20:48:39.102Z", "post_title": "Заголовок новости 5", "post_content": "Текст новости 5", "post_rating": 0}}, {"model": "NewsPaperApp.post", "pk": 76, "fields": {"author": 3, "post_type": "Статья", "post_datetime": "2021-04-13T21:00:51.391Z", "post_title": "Заголовок статьи 5", "post_content": "Текст статьи 5", "post_rating": 0}}, {"model": "NewsPaperApp.post", "pk": 77, "fields": {"author": 3, "post_type": "Новость", "post_datetime": "2021-04-13T21:02:06.063Z", "post_title": "Заголовок новости 6", "post_content": "Текст новости 6", "post_rating": 0}}, {"model": "NewsPaperApp.post", "pk": 78, "fields": {"author": 3, "post_type": "Статья", "post_datetime": "2021-04-13T21:05:06.744Z", "post_title": "Заголовок статьи 6", "post_content": "Текст статьи 6", "post_rating": 0}}, {"model": "NewsPaperApp.post", "pk": 79, "fields": {"author": 3, "post_type": "Новость", "post_datetime": "2021-04-13T21:07:46.908Z", "post_title": "Заголовок новости 7", "post_content": "Текст новости 7", "post_rating": 0}}, {"model": "NewsPaperApp.post", "pk": 80, "fields": {"author": 3, "post_type": "Статья", "post_datetime": "2021-04-14T18:46:50.829Z", "post_title": "Заголовок статьи 7", "post_content": "Текст статьи 7", "post_rating": 0}}, {"model": "NewsPaperApp.post", "pk": 82, "fields": {"author": 3, "post_type": "Новость", "post_datetime": "2021-04-14T19:06:15.374Z", "post_title": "Заголовок новости 8", "post_content": "Текст новости 8", "post_rating": 0}}, {"model": "NewsPaperApp.post", "pk": 86, "fields": {"author": 3, "post_type": "Статья", "post_datetime": "2021-04-14T19:30:19.487Z", "post_title": "Заголовок статьи 8", "post_content": "Текст статьи 8", "post_rating": 0}}, {"model": "NewsPaperApp.post", "pk": 91, "fields": {"author": 1, "post_type": "Новость", "post_datetime": "2021-04-15T19:59:57.245Z", "post_title": "Заголовок новости 9", "post_content": "Текст новости 9", "post_rating": 0}}, {"model": "NewsPaperApp.post", "pk": 103, "fields": {"author": 1, "post_type": "Статья", "post_datetime": "2021-04-16T21:54:44.085Z", "post_title": "Заголовок статьи 9", "post_content": "Текст статьи 9", "post_rating": 0}}, {"model": "NewsPaperApp.post", "pk": 119, "fields": {"author": 1, "post_type": "Новость", "post_datetime": "2021-04-19T20:06:27.466Z", "post_title": "Заголовок новости 10", "post_content": "Текст новости 10", "post_rating": 0}}, {"model": "NewsPaperApp.post", "pk": 120, "fields": {"author": 1, "post_type": "Статья", "post_datetime": "2021-04-20T10:53:43.856Z", "post_title": "Заголовок статьи 10", "post_content": "Текст статьи 10", "post_rating": 0}}, {"model": "NewsPaperApp.post", "pk": 123, "fields": {"author": 1, "post_type": "Новость", "post_datetime": "2021-04-22T14:31:30.974Z", "post_title": "Заголовок новости 11", "post_content": "Текст новости 11", "post_rating": 0}}, {"model": "NewsPaperApp.post", "pk": 143, "fields": {"author": 1, "post_type": "Статья", "post_datetime": "2021-04-22T17:06:53.921Z", "post_title": "Заголовок статьи 11", "post_content": "Текст статьи 11", "post_rating": 0}}, {"model": "NewsPaperApp.post", "pk": 152, "fields": {"author": 1, "post_type": "Новость", "post_datetime": "2021-04-22T18:52:51.351Z", "post_title": "Заголовок новости 12", "post_content": "Текст новости 12", "post_rating": 0}}, {"model": "NewsPaperApp.post", "pk": 153, "fields": {"author": 1, "post_type": "Статья", "post_datetime": "2021-04-26T10:26:59.100Z", "post_title": "Заголовок статьи 12", "post_content": "Текст статьи 12", "post_rating": 0}}, {"model": "NewsPaperApp.post", "pk": 154, "fields": {"author": 1, "post_type": "Новость", "post_datetime": "2021-04-26T10:28:51.216Z", "post_title": "Заголовок новости 13", "post_content": "Текст новости 13", "post_rating": 0}}, {"model": "NewsPaperApp.post", "pk": 158, "fields": {"author": 1, "post_type": "Статья", "post_datetime": "2021-04-26T14:30:55.663Z", "post_title": "Заголовок статьи 13", "post_content": "Текст статьи 13", "post_rating": 0}}, {"model": "NewsPaperApp.post", "pk": 159, "fields": {"author": 1, "post_type": "Новость", "post_datetime": "2021-04-27T14:26:08.773Z", "post_title": "Заголовок новости 14", "post_content": "Текст новости 14", "post_rating": 0}}, {"model": "NewsPaperApp.postcategory", "pk": 1, "fields": {"post": 1, "category": 1}}, {"model": "NewsPaperApp.postcategory", "pk": 2, "fields": {"post": 1, "category": 2}}, {"model": "NewsPaperApp.postcategory", "pk": 3, "fields": {"post": 2, "category": 3}}, {"model": "NewsPaperApp.postcategory", "pk": 4, "fields": {"post": 3, "category": 4}}, {"model": "NewsPaperApp.postcategory", "pk": 5, "fields": {"post": 4, "category": 3}}, {"model": "NewsPaperApp.postcategory", "pk": 6, "fields": {"post": 5, "category": 2}}, {"model": "NewsPaperApp.postcategory", "pk": 49, "fields": {"post": 68, "category": 2}}, {"model": "NewsPaperApp.postcategory", "pk": 50, "fields": {"post": 69, "category": 3}}, {"model": "NewsPaperApp.postcategory", "pk": 56, "fields": {"post": 75, "category": 4}}, {"model": "NewsPaperApp.postcategory", "pk": 57, "fields": {"post": 76, "category": 1}}, {"model": "NewsPaperApp.postcategory", "pk": 58, "fields": {"post": 77, "category": 3}}, {"model": "NewsPaperApp.postcategory", "pk": 59, "fields": {"post": 78, "category": 1}}, {"model": "NewsPaperApp.postcategory", "pk": 60, "fields": {"post": 79, "category": 3}}, {"model": "NewsPaperApp.postcategory", "pk": 61, "fields": {"post": 80, "category": 4}}, {"model": "NewsPaperApp.postcategory", "pk": 63, "fields": {"post": 82, "category": 1}}, {"model": "NewsPaperApp.postcategory", "pk": 66, "fields": {"post": 86, "category": 2}}, {"model": "NewsPaperApp.postcategory", "pk": 67, "fields": {"post": 91, "category": 2}}, {"model": "NewsPaperApp.postcategory", "pk": 77, "fields": {"post": 103, "category": 4}}, {"model": "NewsPaperApp.postcategory", "pk": 93, "fields": {"post": 119, "category": 4}}, {"model": "NewsPaperApp.postcategory", "pk": 94, "fields": {"post": 120, "category": 4}}, {"model": "NewsPaperApp.postcategory", "pk": 103, "fields": {"post": 123, "category": 2}}, {"model": "NewsPaperApp.postcategory", "pk": 104, "fields": {"post": 123, "category": 4}}, {"model": "NewsPaperApp.postcategory", "pk": 124, "fields": {"post": 143, "category": 1}}, {"model": "NewsPaperApp.postcategory", "pk": 141, "fields": {"post": 152, "category": 3}}, {"model": "NewsPaperApp.postcategory", "pk": 142, "fields": {"post": 153, "category": 2}}, {"model": "NewsPaperApp.postcategory", "pk": 143, "fields": {"post": 153, "category": 4}}, {"model": "NewsPaperApp.postcategory", "pk": 144, "fields": {"post": 154, "category": 3}}, {"model": "NewsPaperApp.postcategory", "pk": 151, "fields": {"post": 158, "category": 2}}, {"model": "NewsPaperApp.postcategory", "pk": 152, "fields": {"post": 159, "category": 4}}, {"model": "NewsPaperApp.comment", "pk": 1, "fields": {"post": 1, "user": 1, "comment_text": "Текст комментария 1", "comment_datetime": "2021-03-09T21:42:36.755Z", "comment_rating": 2}}, {"model": "NewsPaperApp.comment", "pk": 2, "fields": {"post": 1, "user": 2, "comment_text": "Текст комментария 2", "comment_datetime": "2021-03-09T21:42:41.610Z", "comment_rating": 3}}, {"model": "NewsPaperApp.comment", "pk": 3, "fields": {"post": 2, "user": 1, "comment_text": "Текст комментария 3", "comment_datetime": "2021-03-09T21:42:41.638Z", "comment_rating": 1}}, {"model": "NewsPaperApp.comment", "pk": 4, "fields": {"post": 3, "user": 2, "comment_text": "Текст комментария 4", "comment_datetime": "2021-03-09T21:42:41.646Z", "comment_rating": 0}}]